locations.state,_id,insertion_time,tags.object_recognitions,locations.city,parent.id,blob_uri
Barahmey Block,f37b7610-703b-11ee-8858-4b8dffcc0101,-,"ýýýý, ýýýýýýýýýýýýýýýý, 21/10/2023, ýýýýýýýýýýýýýýýýýýýý, ýýýýýýýýýýýýýýýý, ýýýýýý, ýýýýýý, ýýýýýý, ýýýýýýýýýý, ýýýýýýýýýý, ýýýýýýýýýýýýýý, ýýýýýýýýýýýýýýýýýý, ýýýýýýýýýý, road",Rafah,ztg_ajyalfm-65567,https://orionprodrawdata.blob.core.windows.net/soi-from-s3/2023/10/21/f37b7610-703b-11ee-8858-4b8dffcc0101/intel360_hash_f7a9491d7794edfe08efe263756baeab3bb14f55ff6717e4d1c40419be9d3e6b.jpg
Barahmey Block,cbb5ec97-703c-11ee-8858-e1f8d851e899,-,"f, palpostn, ï¿½ï¿½ï¿½ï¿½ï¿½ï¿½ï¿½ï¿½ï¿½ï¿½ï¿½ï¿",Rafah,ztg_palpostn-230249,https://orionprodrawdata.blob.core.windows.net/soi-from-s3/2023/10/21/cbb5ec97-703c-11ee-8858-e1f8d851e899/intel360_hash_50fd32402db13a4eaef2544531add505104818d11281010320d54b6a7b15bae2.jpg
Barahmey Block,615d2aec-738e-11ee-8e48-d98dad804510,"Oct 26, 2023 @ 02:29:48","ýýýýýýýýýýýýýý, park, ýýýý, ýýýýýýýý, men, ýýýýýýýýýýýýýýýýýýýý, ýýýýýýýý, ýýýýýýýýýýýý, ýýýýýýýýýýýý, ksm, julia, ýýýýýýýýýý, ?, ýýýýýýýýýýýý, w, ýýýýýýýýýý, esral, ýýýýýýýýýýýýýýýý, razan, airfield, road",Rafah,-,https://orionprodrawdata.blob.core.windows.net/soi-from-s3/2023/10/25/615d2aec-738e-11ee-8e48-d98dad804510/intel360_hash_2824873ee941ff636cbba4a66def0b4d8295e66fb5ab45e01befeb7e741b5f27.jpg
Barahmey Block,6c947525-7384-11ee-8e48-99070ddd2219,"Oct 26, 2023 @ 01:18:46","ýýýýýýýýýý, ýýýýýýýýýýýý ýýýýýý, ýýýýýýýýýýýý, ýýýýýý, ýýýýýýýýýý, ýýýýýý, wa, ýýýýýýýý!, ýýýýýý, ýýýýýý ýý, a, ýýýýýýýýýýýý!, hawa, ýýýýýý, ýýýýýý!, ýýýýýýýýýýýý, ýýýýýý, ýýýýýýýýýý, ýýýýýýýýýýýý!, ýýýýýýýýýýýýýýýý, w, ýýýýýý, ýýýýýýýýýý, ýýýýýýýýýýýý, ýýýýýýýý, ýýýýýýýýýýýý, ýýýýýýýýýýýýýýýý, ýýýýýýýýýýýýýý, ýýýýýýýýýýýýýý, ha, man, road, urban, female, face",Rafah,-,https://orionprodrawdata.blob.core.windows.net/soi-from-s3/2023/10/25/6c947525-7384-11ee-8e48-99070ddd2219/intel360_hash_.mp4
Barahmey Block,58c6f924-73af-11ee-8e48-015e646486ca,"Oct 26, 2023 @ 06:27:20","go, school, ï¿½ï¿½ï¿½ï¿½ï¿½ï¿½ï¿½ï¿½ï¿½ï¿½ï¿½ï¿½ï¿½ï¿½, people, ï¿½ï¿½ï¿½ï¿½ï¿½ï¿½ï¿½ï¿½, in, ï¿½ï¿½ï¿½ï¿½ï¿½ï¿½ï¿½ï¿½, ï¿½ï¿½ï¿½ï¿½ï¿½ï¿½ï¿½ï¿½, ï¿½ï¿½ï¿½ï¿½ï¿½ï¿½ï¿½ï¿½ï¿½ï¿½, scenes, ï¿½ï¿½ï¿½ï¿½ï¿½ï¿½ï¿½ï¿½, distribution, displaced, ï¿½ï¿½ï¿½ï¿½ï¿½ï¿½, pure, ï¿½ï¿½ï¿½ï¿½ï¿½ï¿½, ure, a, ï¿½ï¿½ï¿½ï¿½ï¿½ï¿½ï¿½ï¿½ï¿½ï¿½ï¿½ï¿½ï¿½ï¿½, hummus, ï¿½ï¿½ï¿½ï¿½ï¿½ï¿½ï¿½ï¿½ï¿½ï¿½, ï¿½ï¿½ï¿½ï¿½ï¿½ï¿½, ï¿½ï¿½ï¿½ï¿½ï¿½ï¿½ï¿½ï¿½, to, -, food, gs, ï¿½ï¿½ï¿½ï¿½ï¿½ï¿½, ï¿½ï¿½ï¿½ï¿½ï¿½ï¿½ï¿½",Rafah,-,https://orionprodrawdata.blob.core.windows.net/soi-from-s3/2023/10/26/58c6f924-73af-11ee-8e48-015e646486ca/intel360_hash_.mp4
ýýýý ýýýýýýýýýý ýýýýýýýý,97716e1a-7028-11ee-8858-41cfa257fbac,-,"une, ph, ï¿½ï¿½ï¿½ï¿½ï¿½ï¿½, road, urban",Khan Yunis,ztg_jerichonews-15333,https://orionprodrawdata.blob.core.windows.net/soi-from-s3/2023/10/21/97716e1a-7028-11ee-8858-41cfa257fbac/intel360_hash_3383fa7cf666443609aa33f4b6aaa2adb3f70b9d38bb81a52763054e7aa7ac1d.jpg
ýýýý ýýýýýýýýýý ýýýýýýýý,af8b797b-7028-11ee-8858-1b8aef7fd97d,-,"une, ph, ï¿½ï¿½ï¿½ï¿½ï¿½ï¿½, nades, road, urban",Khan Yunis,ztg_mohammedmffffmm-100271,https://orionprodrawdata.blob.core.windows.net/soi-from-s3/2023/10/21/af8b797b-7028-11ee-8858-1b8aef7fd97d/intel360_hash_67f0a229d7fff3791e3972ff364afa9325befdcfe626f51def70b94152f5ae0f.jpg
ýýýý ýýýýýýýýýý ýýýýýýýý,c3b399bb-703c-11ee-8858-2913ca0746a1,-,"ph, ï¿½ï¿½ï¿½ï¿½ï¿½ï¿½, -, nades, uno, road, urban",Khan Yunis,ztg_bethany2023-3391,https://orionprodrawdata.blob.core.windows.net/soi-from-s3/2023/10/21/c3b399bb-703c-11ee-8858-2913ca0746a1/intel360_hash_f507eae4ed80d0c043e1527c84cf5e2cf29c6fc5451cc191260484b15d27533b.jpg
ýýýý ýýýýýýýýýý ýýýýýýýý,9faa3a46-7028-11ee-8858-412d22e428b6,-,"une, ph, ï¿½ï¿½ï¿½ï¿½ï¿½ï¿½, nades, road, urban",Khan Yunis,ztg_tahrirpulse1-23565,https://orionprodrawdata.blob.core.windows.net/soi-from-s3/2023/10/21/9faa3a46-7028-11ee-8858-412d22e428b6/intel360_hash_66268b97f8ed48bf70dbd8d61a0d2661f6de8a6bdaa0ce34ac3447dba181aabf.jpg
Barahmey Block,dd2c1167-7102-11ee-8ff1-b745fa01f296,"Oct 22, 2023 @ 20:56:02","ýýýýýý, ýýýýýýýý, ýýýýýýýýýýýý, ýýýýýýýý, ýý, ýýýý, ýýýýýýýýýý|, ýýýýýýýýýý, ýýýýýý, ýýýýýý, ýýýýýýýý, ýýýýýýýýýý, ýýýýýý, ýýýýýýýýýýýýýýýý, ýýýýýý, ýýýýýýýýýý, ýýýýýýýýýý, adidas, ýýýýýý, man, indoors, road, urban, female, face",Rafah,ztg_jamilalamouri-67894,https://orionprodrawdata.blob.core.windows.net/soi-from-s3/2023/10/22/dd2c1167-7102-11ee-8ff1-b745fa01f296/intel360_hash_.mp4
Saknat az Zarqa,435e1d69-75d1-11ee-8e48-bbda70cfb73a,"Oct 28, 2023 @ 23:36:45","ýýýýýýýýýýýýýý, ýýýýýýýý, ýýýýýýýý, ýýýýýýýý, man, road, urban, female, face",Gaza,-,https://orionprodrawdata.blob.core.windows.net/soi-from-s3/2023/10/28/435e1d69-75d1-11ee-8e48-bbda70cfb73a/intel360_hash_.mp4
Barahmey Block,916767e9-738d-11ee-8e48-fdf6621e11d5,"Oct 26, 2023 @ 02:24:02","ýýýýýýýýýýýýýý, ýýýýýýýýýýýýýýýý, ýýýýýýýýýý, park, ýýýý, ýýýýýýýýýý, ýýýýýýýýýý, ýýýýýýýýýýýýýýýý, mosque, ýýýýýýýý, ibx, ýýýýýýýýýý, ýýýýýý, ýýýýýý, ýýýýýýýýýýýý, g, zo, ?, ýýýý, ýýýýýý, ýýýýýýýýýýýýýý, ýýýýýýýýýýýýýý, customs, ýýýýýýýý, rafah, ýýýýýý, ýýýýýýýýýý, crossing, ýýýýýýýýýýýýýý, ýýýýýýýý, ýýýýýýýýýýýýýý, road",Rafah,-,https://orionprodrawdata.blob.core.windows.net/soi-from-s3/2023/10/25/916767e9-738d-11ee-8e48-fdf6621e11d5/intel360_hash_79002df36ea1a49209daabc590d8faaba7c56c457ad8a4bb41b3e15579e04a36.jpg
Barahmey Block,e1269864-738d-11ee-8e48-358042afee20,"Oct 26, 2023 @ 02:26:39","ýýýýýýýýýýýýýý, ýýýýýýýýýýýýýýýý, ýýýýýýýýýý, park, ýýýý, ýýýýýýýýýý, ýýýýýýýýýý, ýýýýýýýýýýýýýýýý, mosque, ýýýýýýýý, ibx, ýýýýýýýýýý, ýýýýýý, ýýýýýý, ýýýýýýýýýýýý, g, zo, ?, ýýýý, ýýýýýý, ýýýýýýýýýýýýýý, ýýýýýýýýýýýýýý, parl, customs, ýýýýýýýý, rafah, ýýýýýý, ýýýýýýýýýý, crossing, ýýýýýýýýýýýýýý, ýýýýýýýý, ýýýýýýýýýýýýýý, road",Rafah,-,https://orionprodrawdata.blob.core.windows.net/soi-from-s3/2023/10/25/e1269864-738d-11ee-8e48-358042afee20/intel360_hash_4c8f312a9786ef423631a2f1431b0d6bea352a49093b689904c60148a0e6203c.jpg
South Remal,dc9feab5-770a-11ee-b588-31531510152c,"Oct 30, 2023 @ 12:28:34","ýýýýýýýýýý, ýýýýýýýý, media, ýýýýýýýýýýýý, ýýýýýýýý ýýýýýýýý, :ýýýýýýýý, ýýýýýýýý, ýýýýýýýýýýýý, ýýýýýýýýýýýý, pwr, ýýýýýýýýýýýý, ýýýýýý, ýýýýýýýýýý, ýýýýýýýý, ýýýýýýýýýý:, ýýýýýýýýýý, ýýýýýýýýýý, ýýýýýýýýýý, ýýýýýýýý, ýý ýýýýýýýý, man, grenade, road, urban, smoke, female, aircraft, weapon, face, Vehicles",Gaza,-,https://orionprodrawdata.blob.core.windows.net/soi-from-s3/2023/10/30/dc9feab5-770a-11ee-b588-31531510152c/intel360_hash_.mp4
Old City,89e8439f-7406-11ee-8e48-c7e79b726b51,"Oct 27, 2023 @ 15:49:55","ýýýýýý, ýýýýýýýýýý, ýýýýýýýýýýýýýý, ýýýýýý, 21, ýýýý, ,, ýýýýýýýýýý, ýýýýýýýýýý, ýýýýýýýýýýýý, road, urban, female, face",Gaza,-,https://orionprodrawdata.blob.core.windows.net/soi-from-s3/2023/10/26/89e8439f-7406-11ee-8e48-c7e79b726b51/intel360_hash_.mp4
Old City,7177bfe1-7028-11ee-8858-498056c1ca79,-,"e, ph, ï¿½ï¿½ï¿½ï¿½ï¿½ï¿½, -, road",Gaza,ztg_nabuls_news-122183,https://orionprodrawdata.blob.core.windows.net/soi-from-s3/2023/10/21/7177bfe1-7028-11ee-8858-498056c1ca79/intel360_hash_ea62ecb0597625203036a037952a99db0e6de8ca55f58265400b77c33c60977a.jpg
Saknat az Zarqa,1943c464-7640-11ee-8e48-9baccb0d02c8,"Oct 29, 2023 @ 11:48:02","ýýýýýýýýýý, ýýýýýýýý, ýýýýýý, ýýýýýý, ýýýýýýýýýýýýýýýý, ýýýýýýýýýýýýýýýý, ýýýýýýýýýýýý, ýýýý, -, ýýýýýýýýýýýýýý, se, ýýýýýý, ýýýýýýýýýýýýýýýý, ýýýýýýýýýýýý, sen, ýýýý, ýýýý, ýýýýýýýýýýýýýý, ýýýýýý, ýýýýýýýýýý, man, indoors, road, urban, female, weapon, face",Gaza,-,https://orionprodrawdata.blob.core.windows.net/soi-from-s3/2023/10/29/1943c464-7640-11ee-8e48-9baccb0d02c8/intel360_hash_.mp4
Old City,68f02821-7402-11ee-8e48-4117e1100664,"Oct 26, 2023 @ 16:20:24","ýýýýýýýýýýýýýý, ýýýýýýýý, 9, ýýýýýý, f, ýýýýýýýýýý, palpostn, ýýýýýýýýýýýý, ýýýý, ýýýýýýýýýýýýýý, ýýýý, ýýýýýýýýýýýý, ýýýýýý, ýýýýýýýý, ýýýýýýýýýýýý, man, face, road, urban",Gaza,-,https://orionprodrawdata.blob.core.windows.net/soi-from-s3/2023/10/26/68f02821-7402-11ee-8e48-4117e1100664/intel360_hash_d3ce67ffea521b8518c39594c4407898939a1c7ca3930e671677384d3583c22f.jpg
Old City,0fa82e85-7406-11ee-8e48-b11cea4719e4,"Oct 26, 2023 @ 17:44:44","ýýýýýýýý, ýýýýýý, ýýýýýýýýýý, ýýýýýýýýýýýýýý, 21, ýýýý, ,, ýýýýýý, 7, ýýýýýýýýýýýý, grenade, road, urban, weapon, ýýýýýýýýýýýý, ýýýýýýýýýý, real, .",Gaza,-,https://orionprodrawdata.blob.core.windows.net/soi-from-s3/2023/10/26/0fa82e85-7406-11ee-8e48-b11cea4719e4/intel360_hash_.mp4
Old City,823fe296-7085-11ee-94e1-c7e3bf0e359e,"Oct 22, 2023 @ 18:16:34","f, palpostn, ï¿½ï¿½ï¿½ï¿½ï¿½ï¿½ï¿½ï¿½ï¿½ï",Gaza,ztg_palpostn-230363,https://orionprodrawdata.blob.core.windows.net/soi-from-s3/2023/10/22/823fe296-7085-11ee-94e1-c7e3bf0e359e/intel360_hash_ac8885971633066360ed46ee6ef24b33efbcb37578228b4a16b6ab6209a31974.jpg
Old City,a9c4e529-707d-11ee-94e1-13b7773860fb,"Oct 22, 2023 @ 18:02:59","f, palpostn, ï¿½ï¿½ï¿½ï¿½ï¿½ï¿½ï¿½ï¿½ï¿½ï",Gaza,ztg_palpostn-230363,https://orionprodrawdata.blob.core.windows.net/soi-from-s3/2023/10/22/a9c4e529-707d-11ee-94e1-13b7773860fb/intel360_hash_ac8885971633066360ed46ee6ef24b33efbcb37578228b4a16b6ab6209a31974.jpg
Old City,61c21537-7402-11ee-8e48-594cc9b13e22,"Oct 26, 2023 @ 16:20:14","silent, remain, f, sleep, ï¿½ï¿½ï¿½ï¿½ï¿½ï¿½ï¿½ï¿½ï¿½ï¿½ï¿½ï¿½ï¿½ï¿½ï¿½ï¿½, they, gaza, palpostn, ï¿½ï¿½ï¿½ï¿½ï¿½ï¿½ï¿½ï¿½ï¿½ï¿½ï¿½ï¿½, ï¿½ï¿½ï¿½ï¿½, -, not, kids, do",Gaza,-,https://orionprodrawdata.blob.core.windows.net/soi-from-s3/2023/10/26/61c21537-7402-11ee-8e48-594cc9b13e22/intel360_hash_79e73216aff8e3b6f6f41858d606df4a971fbd05c2cadb25f660b4dea0f41711.jpg
Old City,c4746ffc-73f9-11ee-8e48-676aa7cb37aa,"Oct 26, 2023 @ 15:18:32","ýýýýýýýýýýýýýý, ýýýýýýýý, 9, ýýýýýý, f, ýý, ýýýýýýýýýý, palpostn, ýýýýýýýýýýýý, ýýýý, ýýýýýýýýýýýýýý, ýýýý, ýýýýýýýýýýýý, ýýýýýýýýýýýý, ýýýýýý, ýýýýýýýý, man, child, face, road, urban",Gaza,-,https://orionprodrawdata.blob.core.windows.net/soi-from-s3/2023/10/26/c4746ffc-73f9-11ee-8e48-676aa7cb37aa/intel360_hash_4d6b3625a8f4a85a42cc3d8bf932d1f73255a9e0367b3ba99d9c985cac6149a1.jpg
Old City,9b891894-707d-11ee-94e1-799ab184078d,"Oct 22, 2023 @ 18:09:43","ýýýýýýýýýýýý, ýýýýýýýý, f, palpostn, road, urban",Gaza,ztg_palpostn-230363,https://orionprodrawdata.blob.core.windows.net/soi-from-s3/2023/10/22/9b891894-707d-11ee-94e1-799ab184078d/intel360_hash_8cdf8b647a0fff1d17311278cc48c5afdd1c8ce09b4fc8815b0807ce6ed5f709.jpg
Old City,6ba26514-7085-11ee-94e1-b91ce0448072,"Oct 22, 2023 @ 18:13:11","ýýýýýýýýýýýý, ýýýýýýýý, f, palpostn, road, urban",Gaza,ztg_palpostn-230363,https://orionprodrawdata.blob.core.windows.net/soi-from-s3/2023/10/22/6ba26514-7085-11ee-94e1-b91ce0448072/intel360_hash_8cdf8b647a0fff1d17311278cc48c5afdd1c8ce09b4fc8815b0807ce6ed5f709.jpg
"Old City, Old City",a7b725aa-755d-11ee-8e48-c7d66fe431b7,"Oct 28, 2023 @ 10:33:43","f, palpostn, ï¿½ï¿½ï¿½ï¿½ï¿½ï¿½ï¿½ï¿½ï¿½ï¿½ï¿½ï¿","Gaza, Gaza",-,https://orionprodrawdata.blob.core.windows.net/soi-from-s3/2023/10/28/a7b725aa-755d-11ee-8e48-c7d66fe431b7/intel360_hash_66512f61651c94c29d490403060e52730367e2806a7203ba512a995ca5893769.jpg
Saknat az Zarqa,a7f39324-71d3-11ee-8a23-5598f40d8160,"Oct 23, 2023 @ 21:46:19","f, palpostn, ï¿½ï¿½ï¿½ï¿½ï¿½ï¿½ï¿½ï¿½ï¿½ï¿½ï¿½ï¿½, ï¿",Gaza,ztg_palpostn-230554,https://orionprodrawdata.blob.core.windows.net/soi-from-s3/2023/10/23/a7f39324-71d3-11ee-8a23-5598f40d8160/intel360_hash_cc521c8527abe25e6953ba17a2b1f116e732bf8b696230de53430aead73c0ae1.jpg
Saknat az Zarqa,e35f5228-71dd-11ee-acb1-a13648cc1726,"Oct 23, 2023 @ 23:03:52","f, palpostn, ï¿½ï¿½ï¿½ï¿½ï¿½ï¿½ï¿½ï¿½ï¿½ï¿½ï¿½ï¿½, ï¿",Gaza,ztg_palpostn-230554,https://orionprodrawdata.blob.core.windows.net/soi-from-s3/2023/10/23/e35f5228-71dd-11ee-acb1-a13648cc1726/intel360_hash_cc521c8527abe25e6953ba17a2b1f116e732bf8b696230de53430aead73c0ae1.jpg
Saknat az Zarqa,4ea861c8-7380-11ee-8e48-93eda23e0c0d,"Oct 26, 2023 @ 00:49:40","f, palpostn, ï¿½ï¿½ï¿½ï¿½ï¿½ï¿½ï¿½ï¿½ï¿½ï¿½ï¿½ï¿½, ..., ï¿",Gaza,-,https://orionprodrawdata.blob.core.windows.net/soi-from-s3/2023/10/25/4ea861c8-7380-11ee-8e48-93eda23e0c0d/intel360_hash_d99dac050355fd4647453261ca9374ad948cf24b6e189c3329c64b9998a1905e.jpg
Old City,d8625518-738d-11ee-8e48-31089140aa6a,"Oct 26, 2023 @ 02:26:23","f, palpostn, ï¿½ï¿½ï¿½ï¿½ï¿½ï¿½ï¿½ï¿½ï¿½ï¿½ï¿½ï¿½, ï¿",Gaza,-,https://orionprodrawdata.blob.core.windows.net/soi-from-s3/2023/10/25/d8625518-738d-11ee-8e48-31089140aa6a/intel360_hash_61f95d3afa4602edc3d86a6b0c4ac40ef2787ba8949759d5a76fda8a719c69ae.jpg
"Old City, Old City",e14f8f4b-755d-11ee-8e48-31b95950f8d2,"Oct 28, 2023 @ 10:35:37","ýýýýýýýýýýýý, ýýýýýýýý, f, palpostn, female, road, urban","Gaza, Gaza",-,https://orionprodrawdata.blob.core.windows.net/soi-from-s3/2023/10/28/e14f8f4b-755d-11ee-8e48-31b95950f8d2/intel360_hash_660e23fbb79135fc16d5c652e498d24ac91dd49cb759de8e16c1c11374301589.jpg
"Old City, Old City",d3a15db8-755d-11ee-8e48-4f32329fd31c,"Oct 28, 2023 @ 10:35:19","f, palpostn, ï¿½ï¿½ï¿½ï¿½ï¿½ï¿½ï¿½ï¿½ï¿½ï¿½ï¿½ï¿½, ï¿","Gaza, Gaza",-,https://orionprodrawdata.blob.core.windows.net/soi-from-s3/2023/10/28/d3a15db8-755d-11ee-8e48-4f32329fd31c/intel360_hash_119b05385e1ab2982e421ed4ef5398eeeb116874ff9d4e8bc5d019c9ae4adb5b.jpg
Old City,d7eb23b0-7532-11ee-8e48-f5dbb25365fb,"Oct 28, 2023 @ 04:39:36","f, palpostn, ï¿½ï¿½ï¿½ï¿½ï¿½ï¿½ï¿½ï¿½ï¿½ï¿½ï¿½ï¿½, -, ï¿",Gaza,-,https://orionprodrawdata.blob.core.windows.net/soi-from-s3/2023/10/28/d7eb23b0-7532-11ee-8e48-f5dbb25365fb/intel360_hash_a8ca4a433e9377d75dd2badf0fd64514df45b2c65c2bcf2f9d24c191ef410b8f.jpg
Old City,dd0cf7e2-7326-11ee-b412-3d3663e5aff3,"Oct 25, 2023 @ 17:31:47","mau, ï¿½ï""!, 'i, ,22.10.2023, ndw, man, road, airfield, female, face",Gaza,-,https://orionprodrawdata.blob.core.windows.net/soi-from-s3/2023/10/25/dd0cf7e2-7326-11ee-b412-3d3663e5aff3/intel360_hash_.mp4
Old City,ba969e9f-738d-11ee-8e48-13df72cd89ee,"Oct 26, 2023 @ 02:25:18","f, palpostn, ï¿½ï¿½ï¿½ï¿½ï¿½ï¿½ï¿½ï¿½ï¿½ï¿½ï¿½ï¿½, 7, ï¿",Gaza,-,https://orionprodrawdata.blob.core.windows.net/soi-from-s3/2023/10/25/ba969e9f-738d-11ee-8e48-13df72cd89ee/intel360_hash_60398e107a4a576b585b3f9a1f6e3836d19daed101a36b571caa75145ffcbc35.jpg
"Old City, Old City",cf611bf2-755d-11ee-8e48-478a8bb421e9,"Oct 28, 2023 @ 10:35:13","f, palpostn, ï¿½ï¿½ï¿½ï¿½ï¿½ï¿½ï¿½ï¿½ï¿½ï¿½ï¿½ï¿½, ï¿½ï¿½ï¿½","Gaza, Gaza",-,https://orionprodrawdata.blob.core.windows.net/soi-from-s3/2023/10/28/cf611bf2-755d-11ee-8e48-478a8bb421e9/intel360_hash_0122449f3aff1778176945fb836d6555b8a8521c0a9e2a7285deb890297595f7.jpg
"Old City, Old City",b69af20f-755d-11ee-8e48-e1c83191ba91,"Oct 28, 2023 @ 10:34:25","f, palpostn, ï¿½ï¿½ï¿½ï¿½ï¿½ï¿½ï¿½ï¿½ï¿½ï¿½ï¿½ï¿½, -, ï¿½ï¿½ï¿½ï","Gaza, Gaza",-,https://orionprodrawdata.blob.core.windows.net/soi-from-s3/2023/10/28/b69af20f-755d-11ee-8e48-e1c83191ba91/intel360_hash_a9a32e28ae76114f2ae238e7071a392e7f13f3ec2bb3cd49b61845bc0f27d24a.jpg
"Old City, Old City",a155d8a1-755d-11ee-8e48-13bde06be05e,"Oct 28, 2023 @ 10:33:31","ýýýýýýýýýýýý, ýýýýýýýý, f, palpostn, road, urban, man, female","Gaza, Gaza",-,https://orionprodrawdata.blob.core.windows.net/soi-from-s3/2023/10/28/a155d8a1-755d-11ee-8e48-13bde06be05e/intel360_hash_5e538af9c237dfbcd532b00f852c9e2a7d14473ec0b82c69aee031d360f716af.jpg
Saknat az Zarqa,2bf28b56-74a7-11ee-8e48-431e91c086b3,"Oct 27, 2023 @ 11:59:49","ýýýýýýýýýýýý, ýýýýýýýý, f, palpostn, man, road, urban, face",Gaza,-,https://orionprodrawdata.blob.core.windows.net/soi-from-s3/2023/10/27/2bf28b56-74a7-11ee-8e48-431e91c086b3/intel360_hash_8abf8cc4c2888b662278f6d8a42f2391bcb67c6b6ae2ed62e3de7db743c141da.jpg
Saknat az Zarqa,30e8fdbd-74a7-11ee-8e48-b50f77fecf76,"Oct 27, 2023 @ 11:59:57","f, palpostn, ï¿½ï¿½ï¿½ï¿½ï¿½ï¿½ï¿½ï¿½ï¿½ï¿½ï¿½ï¿½, ï¿½ï¿½ï¿½ï",Gaza,-,https://orionprodrawdata.blob.core.windows.net/soi-from-s3/2023/10/27/30e8fdbd-74a7-11ee-8e48-b50f77fecf76/intel360_hash_d393c7193cc0c2dc0a08d4b7bf85522c654e76ac9ff844945cd5683407860264.jpg
Saknat az Zarqa,3cfe8eee-74a7-11ee-8e48-4950b22b29ad,"Oct 27, 2023 @ 12:00:16","f, palpostn, ï¿½ï¿½ï¿½ï¿½ï¿½ï¿½ï¿½ï¿½ï¿½ï¿½ï¿½ï¿½, ï¿½ï¿½ï¿½ï¿½ï¿½ï¿½",Gaza,-,https://orionprodrawdata.blob.core.windows.net/soi-from-s3/2023/10/27/3cfe8eee-74a7-11ee-8e48-4950b22b29ad/intel360_hash_be863e6c653482b5519cdda50e7fcc77404993dca162353be0e2001dca95c01f.jpg
Saknat az Zarqa,3f16e7a1-74a7-11ee-8e48-73ab482d374f,"Oct 27, 2023 @ 12:00:21","ýýýýýýýýýýýý, ýýýýýýýý, f, palpostn, man, road, urban, face",Gaza,-,https://orionprodrawdata.blob.core.windows.net/soi-from-s3/2023/10/27/3f16e7a1-74a7-11ee-8e48-73ab482d374f/intel360_hash_6a9342f855928bd3fdaeaba7d5655227a4dfa5735e51f955449b18ccf03648b9.jpg
Saknat az Zarqa,5f685f9e-74a7-11ee-8e48-9fae803e3edf,"Oct 27, 2023 @ 12:01:15","f, palpostn, ï¿½ï¿½ï¿½ï¿½ï¿½ï¿½ï¿½ï¿½ï¿½ï¿½ï¿½ï¿½, ï¿½ï¿½ï¿½ï",Gaza,-,https://orionprodrawdata.blob.core.windows.net/soi-from-s3/2023/10/27/5f685f9e-74a7-11ee-8e48-9fae803e3edf/intel360_hash_f479bcc53b9bed7f86de5a2db86a8b98e2768a3711c5781c86ff5d33c322d5fd.jpg
Saknat az Zarqa,2d5f13a8-74a7-11ee-8e48-1b860dff1598,"Oct 27, 2023 @ 11:59:50","f, palpostn, ï¿½ï¿½ï¿½ï¿½ï¿½ï¿½ï¿½ï¿½ï¿½ï¿½ï¿½ï¿½, ï¿½ï¿½ï¿½ï¿½ï¿½ï¿½",Gaza,-,https://orionprodrawdata.blob.core.windows.net/soi-from-s3/2023/10/27/2d5f13a8-74a7-11ee-8e48-1b860dff1598/intel360_hash_8fb3c5a6b1b4018407395f8f74c4c12633ab95f12c5a87d4187a97442131084e.jpg
Saknat az Zarqa,e37acba6-74a7-11ee-8e48-77d6b23a1cf4,"Oct 27, 2023 @ 12:04:55","f, palpostn, ï¿½ï¿½ï¿½ï¿½ï¿½ï¿½ï¿½ï¿½ï¿½ï¿½ï¿½ï¿½, ï¿½ï¿½ï¿½ï¿½ï¿½ï¿½",Gaza,-,https://orionprodrawdata.blob.core.windows.net/soi-from-s3/2023/10/27/e37acba6-74a7-11ee-8e48-77d6b23a1cf4/intel360_hash_c09a8b5acd447c3ba37b6cbb5996e6ec1bb6de6195bd08da354771a41b7e78c0.jpg
Old City,d2fbb8fe-7511-11ee-8e48-ed7c3ad84d89,"Oct 28, 2023 @ 00:43:14","f, palpostn, ï¿½ï¿½ï¿½ï¿½ï¿½ï¿½ï¿½ï¿½ï¿½ï¿½ï¿½ï¿½, ï¿½ï¿½ï¿½ï",Gaza,-,https://orionprodrawdata.blob.core.windows.net/soi-from-s3/2023/10/27/d2fbb8fe-7511-11ee-8e48-ed7c3ad84d89/intel360_hash_8c3618759111fd7da3350b96db86e7656c3e1c40c062e7882f7aff4831e12059.jpg
Old City,e2f78514-7511-11ee-8e48-db5d94d2cabb,"Oct 28, 2023 @ 00:43:41","f, palpostn, ï¿½ï¿½ï¿½ï¿½ï¿½ï¿½ï¿½ï¿½ï¿½ï¿½ï¿½ï¿½, ï¿½ï¿½ï¿½ï",Gaza,-,https://orionprodrawdata.blob.core.windows.net/soi-from-s3/2023/10/27/e2f78514-7511-11ee-8e48-db5d94d2cabb/intel360_hash_fd293d88e3be909e786fa64a78007855aca717345fe02399c39bba5fc3cbb06a.jpg
Old City,097345fd-7510-11ee-8e48-f939f1f3c1e0,"Oct 28, 2023 @ 00:30:27","f, palpostn, ï¿½ï¿½ï¿½ï¿½ï¿½ï¿½ï¿½ï¿½ï¿½ï¿½ï¿½ï¿½, ï¿½ï¿½ï¿½ï",Gaza,-,https://orionprodrawdata.blob.core.windows.net/soi-from-s3/2023/10/27/097345fd-7510-11ee-8e48-f939f1f3c1e0/intel360_hash_536d014b1740e5de46b07bb6b40b9f91528648ace899a38f55fce2e821275f89.jpg
Old City,f9715f67-750f-11ee-8e48-9954c0e779b3,"Oct 28, 2023 @ 00:30:02","f, palpostn, ï¿½ï¿½ï¿½ï¿½ï¿½ï¿½ï¿½ï¿½ï¿½ï¿½ï¿½ï¿½, ï¿½ï¿½ï¿½ï",Gaza,-,https://orionprodrawdata.blob.core.windows.net/soi-from-s3/2023/10/27/f9715f67-750f-11ee-8e48-9954c0e779b3/intel360_hash_f9a49f4d3f23b25af1b400b1fb8fef72ca8cad0dec046dd1d451784dcf394364.jpg
Old City,f3a96c2f-750f-11ee-8e48-fda56a004399,"Oct 28, 2023 @ 00:29:50","f, palpostn, ï¿½ï¿½ï¿½ï¿½ï¿½ï¿½ï¿½ï¿½ï¿½ï¿½ï¿½ï¿½, ï¿½ï¿½ï¿½ï",Gaza,-,https://orionprodrawdata.blob.core.windows.net/soi-from-s3/2023/10/27/f3a96c2f-750f-11ee-8e48-fda56a004399/intel360_hash_9ce6f65add52d8a00aa745f9c6d0e6311bab889ffb9afbf4f424da149e008685.jpg
Old City,f7f8c925-750f-11ee-8e48-c1822704ee2c,"Oct 28, 2023 @ 00:29:58","f, palpostn, ï¿½ï¿½ï¿½ï¿½ï¿½ï¿½ï¿½ï¿½ï¿½ï¿½ï¿½ï¿½, ï¿½ï¿½ï¿½ï",Gaza,-,https://orionprodrawdata.blob.core.windows.net/soi-from-s3/2023/10/27/f7f8c925-750f-11ee-8e48-c1822704ee2c/intel360_hash_9ec411b8d7b53463752596c3fb6414b5780c2c9a5921f9cbae21645cbd3d2fc1.jpg
Old City,caeeded3-7511-11ee-8e48-97485769e3cd,"Oct 28, 2023 @ 00:43:01","f, palpostn, ï¿½ï¿½ï¿½ï¿½ï¿½ï¿½ï¿½ï¿½ï¿½ï¿½ï¿½ï¿½, station, ï¿",Gaza,-,https://orionprodrawdata.blob.core.windows.net/soi-from-s3/2023/10/27/caeeded3-7511-11ee-8e48-97485769e3cd/intel360_hash_af69dffbeb119aede0fb442e5ed5e86fac8490a05177f540f5e915f72c11c844.jpg
Old City,d8ba8476-7511-11ee-8e48-e77f828486ca,"Oct 28, 2023 @ 04:40:00","f, palpostn, ï¿½ï¿½ï¿½ï¿½ï¿½ï¿½ï¿½ï¿½ï¿½ï¿½ï¿½ï¿½, ï¿½ï¿½ï¿½ï","Gaza, Jenin",-,https://orionprodrawdata.blob.core.windows.net/soi-from-s3/2023/10/27/d8ba8476-7511-11ee-8e48-e77f828486ca/intel360_hash_4bd2fc04b1357ce8d93928a8126e12fb0dd82b452704d201940b1f001d7a550a.jpg
Old City,f06c0732-7532-11ee-8e48-41d49a1b0e0e,"Oct 28, 2023 @ 04:40:19","f, palpostn, ï¿½ï¿½ï¿½ï¿½ï¿½ï¿½ï¿½ï¿½ï¿½ï¿½ï¿½ï¿½, ï¿½ï¿½ï¿½ï",Gaza,-,https://orionprodrawdata.blob.core.windows.net/soi-from-s3/2023/10/28/f06c0732-7532-11ee-8e48-41d49a1b0e0e/intel360_hash_4dd97d082a87d884096a272d78f368103f7b977a768893ced0c58bb0f81bcf26.jpg
Old City,d37b1f5a-7532-11ee-8e48-c1400ed55f7b,"Oct 28, 2023 @ 04:39:29","f, palpostn, ï¿½ï¿½ï¿½ï¿½ï¿½ï¿½ï¿½ï¿½ï¿½ï¿½ï¿½ï¿½, ï¿½ï¿½ï¿½ï",Gaza,-,https://orionprodrawdata.blob.core.windows.net/soi-from-s3/2023/10/28/d37b1f5a-7532-11ee-8e48-c1400ed55f7b/intel360_hash_4be05ba37a188e5a6c7887e506e86ef2eeff56647dbd6f92d8da1e22df9cb346.jpg
Old City,ef0b17a0-7532-11ee-8e48-b5b44f9f8ebf,"Oct 28, 2023 @ 04:40:16","f, palpostn, ï¿½ï¿½ï¿½ï¿½ï¿½ï¿½ï¿½ï¿½ï¿½ï¿½ï¿½ï¿½, ï¿½ï¿½ï¿½ï",Gaza,-,https://orionprodrawdata.blob.core.windows.net/soi-from-s3/2023/10/28/ef0b17a0-7532-11ee-8e48-b5b44f9f8ebf/intel360_hash_4db2c5780f5f91a9242d8bd34839ab615333962f11aca9c5cebf354dbfd089c7.jpg
Saknat az Zarqa,088d24dd-71de-11ee-acb1-930c6e7f2027,"Oct 23, 2023 @ 22:59:42","perfect, f, palpostn, ï¿½ï¿½ï¿½ï¿½ï¿½ï¿½ï¿½ï¿½ï¿½ï¿½ï¿½ï¿½, ï¿½ï¿½ï¿",Gaza,ztg_palpostn-230554,https://orionprodrawdata.blob.core.windows.net/soi-from-s3/2023/10/23/088d24dd-71de-11ee-acb1-930c6e7f2027/intel360_hash_f3546eabda9ac1b5a1d37d197db9be8e12d53ed99895d88bbea2023cfbb50e84.jpg
Saknat az Zarqa,a47f7af5-71d3-11ee-8a23-6140cd85592c,"Oct 23, 2023 @ 21:44:05","perfect, f, palpostn, ï¿½ï¿½ï¿½ï¿½ï¿½ï¿½ï¿½ï¿½ï¿½ï¿½ï¿½ï¿½, ï¿½ï¿½ï¿",Gaza,ztg_palpostn-230554,https://orionprodrawdata.blob.core.windows.net/soi-from-s3/2023/10/23/a47f7af5-71d3-11ee-8a23-6140cd85592c/intel360_hash_f3546eabda9ac1b5a1d37d197db9be8e12d53ed99895d88bbea2023cfbb50e84.jpg
Saknat az Zarqa,1deac712-74a7-11ee-8e48-0feee3f9c6bc,"Oct 27, 2023 @ 11:59:25","f, palpostn, ï¿½ï¿½ï¿½ï¿½ï¿½ï¿½ï¿½ï¿½ï¿½ï¿½ï¿½ï¿½, p, ï¿½ï¿½ï¿",Gaza,-,https://orionprodrawdata.blob.core.windows.net/soi-from-s3/2023/10/27/1deac712-74a7-11ee-8e48-0feee3f9c6bc/intel360_hash_3f96f457348d269ff29bfa989b836d86a07d5426d1e7a68fc47aa89722511baf.jpg
Saknat az Zarqa,58e7cac5-74a7-11ee-8e48-2fa04907b77b,"Oct 27, 2023 @ 12:01:04","f, palpostn, ï¿½ï¿½ï¿½ï¿½ï¿½ï¿½ï¿½ï¿½ï¿½ï¿½ï¿½ï¿½, p, ï¿½ï¿½ï¿",Gaza,-,https://orionprodrawdata.blob.core.windows.net/soi-from-s3/2023/10/27/58e7cac5-74a7-11ee-8e48-2fa04907b77b/intel360_hash_88d80dab2ea2ce092d4a06ac0049099ac8d4080a180d981f71e5918698af9428.jpg
Old City,e23ebc63-7511-11ee-8e48-cfb2205170c4,"Oct 28, 2023 @ 00:43:40","f, palpostn, ï¿½ï¿½ï¿½ï¿½ï¿½ï¿½ï¿½ï¿½ï¿½ï¿½ï¿½ï¿½, ï¿½ï¿½ï¿½ï¿½ï¿½ï¿½ï¿½ï¿½ï¿½ï¿½",Gaza,-,https://orionprodrawdata.blob.core.windows.net/soi-from-s3/2023/10/27/e23ebc63-7511-11ee-8e48-cfb2205170c4/intel360_hash_f42313eed7ccf999867c8b11f4745c97af4a9d27342e5765934fb572f8bacfd4.jpg
Old City,0e46f876-7511-11ee-8e48-8963c96948db,"Oct 28, 2023 @ 00:37:44","y, f, palpostn, ï¿½ï¿½ï¿½ï¿½ï¿½ï¿½ï¿½ï¿½ï¿½ï¿½ï¿½ï¿½, station, ï¿",Gaza,-,https://orionprodrawdata.blob.core.windows.net/soi-from-s3/2023/10/27/0e46f876-7511-11ee-8e48-8963c96948db/intel360_hash_bb47e53621873b32e68858fc9b8c908b3f2eb492d87ed117309cd4e3436e47b5.jpg
Old City,0fb862c8-7511-11ee-8e48-635f22fb0861,"Oct 28, 2023 @ 00:37:58","f, palpostn, ï¿½ï¿½ï¿½ï¿½ï¿½ï¿½ï¿½ï¿½ï¿½ï¿½ï¿½ï¿½, 00000, ï¿½ï¿½ï¿½ï",Gaza,-,https://orionprodrawdata.blob.core.windows.net/soi-from-s3/2023/10/27/0fb862c8-7511-11ee-8e48-635f22fb0861/intel360_hash_203e33dc8b88731da1c632fb40fd7a12e9b76553e8ab1e84276933bc757a74c5.jpg
Old City,f8b58976-750f-11ee-8e48-733677cde0d6,"Oct 28, 2023 @ 00:30:00","ýý, f, palpostn, ýýýýýýýýýýýý, ýýýýýýýý, ýýýýýýýýýýýý, urban, man, road",Gaza,-,https://orionprodrawdata.blob.core.windows.net/soi-from-s3/2023/10/27/f8b58976-750f-11ee-8e48-733677cde0d6/intel360_hash_bec7f367caec776f200a71d9b56fcfbe5edff501ace74771da762030c6bcbadc.jpg
Old City,051039f7-7510-11ee-8e48-4d8035509928,"Oct 28, 2023 @ 00:30:19","coffee, f, palpostn, ï¿½ï¿½ï¿½ï¿½ï¿½ï¿½ï¿½ï¿½ï¿½ï¿½ï¿½ï¿½, ï¿½ï¿½ï¿½ï",Gaza,-,https://orionprodrawdata.blob.core.windows.net/soi-from-s3/2023/10/27/051039f7-7510-11ee-8e48-4d8035509928/intel360_hash_11e2ece6d8f33e88e31b2af2849ea4c15ecd99c340dfb3fe7d56eb28a09c035f.jpg
Old City,ea29c822-750f-11ee-8e48-4fbbc7ba80bb,"Oct 28, 2023 @ 00:29:36","ýý, f, palpostn, ýýýýýýýýýýýý, ýýýýýýýý, ýýýýýýýýýýýý, urban, road, man",Gaza,-,https://orionprodrawdata.blob.core.windows.net/soi-from-s3/2023/10/27/ea29c822-750f-11ee-8e48-4fbbc7ba80bb/intel360_hash_f0e962dec0e2ccbdc88100189bd8b43a8d4a9f3270862042f84433f443f205a2.jpg
Old City,c7542bde-7511-11ee-8e48-55f0a203f639,"Oct 28, 2023 @ 04:39:29","ýý, f, palpostn, ýýýýýýýýýýýý, ýýýýýýýý, ýýýýýýýýýýýý, urban, road, man","Gaza, Jenin",-,https://orionprodrawdata.blob.core.windows.net/soi-from-s3/2023/10/27/c7542bde-7511-11ee-8e48-55f0a203f639/intel360_hash_de91f9524a2d4ffa9d85c2e232ff0faf5c74b1475f7acc6093e90fc90a13fcaf.jpg
Old City,df49956a-7532-11ee-8e48-b7851854b782,"Oct 28, 2023 @ 04:39:48","y, f, palpostn, ï¿½ï¿½ï¿½ï¿½ï¿½ï¿½ï¿½ï¿½ï¿½ï¿½ï¿½ï¿½, station, ï¿",Gaza,-,https://orionprodrawdata.blob.core.windows.net/soi-from-s3/2023/10/28/df49956a-7532-11ee-8e48-b7851854b782/intel360_hash_1b775de0bcd64069a96fde68435307258fb4603d82c4f546013474ef67f840b3.jpg
Old City,e006a3db-7532-11ee-8e48-c3aee6f32d27,"Oct 28, 2023 @ 04:39:49","y, f, palpostn, ï¿½ï¿½ï¿½ï¿½ï¿½ï¿½ï¿½ï¿½ï¿½ï¿½ï¿½ï¿½, station, ï¿",Gaza,-,https://orionprodrawdata.blob.core.windows.net/soi-from-s3/2023/10/28/e006a3db-7532-11ee-8e48-c3aee6f32d27/intel360_hash_722e84f90f7935320c499518a7b3ca758560547b1ba5ff5d0a7dfb608ddaff91.jpg
Old City,e518dba2-7532-11ee-8e48-1977b96ebb95,"Oct 28, 2023 @ 04:40:01","ýý, y, f, palpostn, ýýýýýýýýýýýý, ýýýýýýýýýýýý, ýýýýýýýý, road, urban",Gaza,-,https://orionprodrawdata.blob.core.windows.net/soi-from-s3/2023/10/28/e518dba2-7532-11ee-8e48-1977b96ebb95/intel360_hash_1a8694559477356d38575cf6413b0f093f12dfac7f25fe85362f8ba21644e398.jpg
Old City,e96b1ec8-7532-11ee-8e48-bbc975d91cfb,"Oct 28, 2023 @ 04:40:07","infinit, ï¿½ï¿½, f, palpostn, ï¿½ï¿½ï¿½ï¿½ï¿½ï¿½ï¿½ï¿½ï¿½ï¿½ï¿½ï¿½, -",Gaza,-,https://orionprodrawdata.blob.core.windows.net/soi-from-s3/2023/10/28/e96b1ec8-7532-11ee-8e48-bbc975d91cfb/intel360_hash_8d32a2ef698b18b2d518312fa0bafe33a8677d8f24b3995f832273744a89e121.jpg
Old City,c5ac6c52-7695-11ee-aa10-4fa2f790f1f6,"Oct 29, 2023 @ 22:00:40","f, palpostn, ï¿½ï¿½ï¿½ï¿½ï¿½ï¿½ï¿½ï¿½ï¿½ï¿½ï¿½ï¿½, ï¿½ï¿½ï¿½ï¿½ï¿½ï",Gaza,-,https://orionprodrawdata.blob.core.windows.net/soi-from-s3/2023/10/29/c5ac6c52-7695-11ee-aa10-4fa2f790f1f6/intel360_hash_bd0d1b00c373f838e52adb16365f47519d4667f4edf080e70f5121dbcaa9b73c.jpg
Old City,ab7bdf7d-76a4-11ee-b588-3943cbf128d1,"Oct 29, 2023 @ 23:46:56","f, palpostn, ï¿½ï¿½ï¿½ï¿½ï¿½ï¿½ï¿½ï¿½ï¿½ï¿½ï¿½ï¿½, ï¿½ï¿½ï¿½ï¿½ï¿½ï",Gaza,-,https://orionprodrawdata.blob.core.windows.net/soi-from-s3/2023/10/29/ab7bdf7d-76a4-11ee-b588-3943cbf128d1/intel360_hash_6d74ceb0ccc2fdfdb810397183f0394653ce17bfdcc2081b87af7ba92b298031.jpg
Saknat az Zarqa,55d5a7ff-7103-11ee-8ff1-19c28896e962,"Oct 22, 2023 @ 20:59:25","ýýýý ýýýýýý, ýýýýýýýýýýýý, ýýýýýý, ýýýýýýýý, ýýýýýýýýýýýýýý, ýýýýýýýý, 8.31m, 5, ýýýýýýýýýýýý, ýýýýýýýý, ýýýýýýýý, i, ýýýýýýýýýýýý, ýýýý, -, ýýýýýýýýýý, ýýýýýýýý, ýýýýýýýý, ýýýýýýýýýý, ýýýýýýýý, ýýýýýý, w, ýýýýýý, ..., ýýýýýýýý, ýýýý, ýýýýýýýý, ýýýýýý ýýýýýýýý, gun, man, grenade, indoors, child, tunnel, army, bomb, dungeon, road, urban, soldier, sniper, armory, female, aircraft, military, military uniform, weapon, face, real, destroyed",Gaza,ztg_dvbcj-4969,https://orionprodrawdata.blob.core.windows.net/soi-from-s3/2023/10/22/55d5a7ff-7103-11ee-8ff1-19c28896e962/intel360_hash_.mp4
Saknat az Zarqa,be361ea4-71d3-11ee-8a23-f9e4f491410d,"Oct 23, 2023 @ 21:49:02","ýýýýýýýýýý, f, palpostn, ýýýýýýýýýýýý, ýýýýýýýý, man, road, urban, female, face",Gaza,ztg_palpostn-230554,https://orionprodrawdata.blob.core.windows.net/soi-from-s3/2023/10/23/be361ea4-71d3-11ee-8a23-f9e4f491410d/intel360_hash_7983b6ed3d6c511947dc32d820eb6f8ea4abc204cd64ccda51d142ace9d73b63.jpg
Saknat az Zarqa,f1fdb11d-71dd-11ee-acb1-b145925745f4,"Oct 23, 2023 @ 23:00:53","ýýýýýýýýýý, f, palpostn, ýýýýýýýýýýýý, ýýýýýýýý, man, road, urban, female, face",Gaza,ztg_palpostn-230554,https://orionprodrawdata.blob.core.windows.net/soi-from-s3/2023/10/23/f1fdb11d-71dd-11ee-acb1-b145925745f4/intel360_hash_7983b6ed3d6c511947dc32d820eb6f8ea4abc204cd64ccda51d142ace9d73b63.jpg
Old City,d7501f04-7511-11ee-8e48-bf3288f31eb3,"Oct 28, 2023 @ 00:43:23","infinit, ï¿½ï¿½, f, palpostn, ï¿½ï¿½ï¿½ï¿½ï¿½ï¿½ï¿½ï¿½ï¿½ï¿½ï¿½ï¿½, ï¿½ï¿½ï¿½ï¿½",Gaza,-,https://orionprodrawdata.blob.core.windows.net/soi-from-s3/2023/10/27/d7501f04-7511-11ee-8e48-bf3288f31eb3/intel360_hash_08230a52a097fb269491948c287e6a110fd2329c9067dd1c89000e1cb195dbbc.jpg
Old City,dae74f89-7511-11ee-8e48-7fc6ab9c6b94,"Oct 28, 2023 @ 00:43:27","coffee, y, f, palpostn, ï¿½ï¿½ï¿½ï¿½ï¿½ï¿½ï¿½ï¿½ï¿½ï¿½ï¿½ï¿½, station, ï¿",Gaza,-,https://orionprodrawdata.blob.core.windows.net/soi-from-s3/2023/10/27/dae74f89-7511-11ee-8e48-7fc6ab9c6b94/intel360_hash_553fa462babac6c5af1d3c5de0b327926e9b534b9eb95cb0c656e97e78123375.jpg
Old City,ec564515-750f-11ee-8e48-991cb5fd8e2c,"Oct 28, 2023 @ 00:29:41","infinit, ï¿½ï¿½, f, palpostn, ï¿½ï¿½ï¿½ï¿½ï¿½ï¿½ï¿½ï¿½ï¿½ï¿½ï¿½ï¿½, ï¿½ï¿½ï¿½ï¿½",Gaza,-,https://orionprodrawdata.blob.core.windows.net/soi-from-s3/2023/10/27/ec564515-750f-11ee-8e48-991cb5fd8e2c/intel360_hash_b3472d607402f31aee5ee093453eec58a5efc2fccea47cab78583b408930d565.jpg
Old City,f6862653-750f-11ee-8e48-0dad1796f5fa,"Oct 28, 2023 @ 00:29:55","f, palpostn, ï¿½ï¿½ï¿½ï¿½ï¿½ï¿½ï¿½ï¿½ï¿½ï¿½ï¿½ï¿½, ï¿½ï¿½ï¿½ï¿½ï¿½ï¿½ï¿½ï¿½ï¿½ï¿½ï¿½ï¿½, s",Gaza,-,https://orionprodrawdata.blob.core.windows.net/soi-from-s3/2023/10/27/f6862653-750f-11ee-8e48-0dad1796f5fa/intel360_hash_cf76fb7622851c0500fd9d74be42b24627409aa2d22668f39fe5dd7fef4412c3.jpg
Old City,eceb6bed-7532-11ee-8e48-c304f265c54a,"Oct 28, 2023 @ 04:40:18","infinit, ï¿½ï¿½, f, palpostn, ï¿½ï¿½ï¿½ï¿½ï¿½ï¿½ï¿½ï¿½ï¿½ï¿½ï¿½ï¿½, ï¿½ï¿½ï¿½ï¿½",Gaza,-,https://orionprodrawdata.blob.core.windows.net/soi-from-s3/2023/10/28/eceb6bed-7532-11ee-8e48-c304f265c54a/intel360_hash_1f69fc804733abfbae9f3f763a20c9485de52287f913a329690dbbf2a62d567e.jpg
Old City,f335fca6-7532-11ee-8e48-737f4770cb65,"Oct 28, 2023 @ 04:40:22","y, f, palpostn, ï¿½ï¿½ï¿½ï¿½ï¿½ï¿½ï¿½ï¿½ï¿½ï¿½ï¿½ï¿½, ï¿½ï¿½ï¿½ï¿½ï¿½ï¿½ï¿½ï¿½ï¿½ï¿½",Gaza,-,https://orionprodrawdata.blob.core.windows.net/soi-from-s3/2023/10/28/f335fca6-7532-11ee-8e48-737f4770cb65/intel360_hash_fb2146b42cef3290d9b8a7b3ce3478d9794bf083607d9f5d83ee8cce15847583.jpg
Old City,c69855ed-7511-11ee-8e48-bf86b279b683,"Oct 28, 2023 @ 04:39:22","coffee, y, f, palpostn, ï¿½ï¿½ï¿½ï¿½ï¿½ï¿½ï¿½ï¿½ï¿½ï¿½ï¿½ï¿½, station, ï¿","Gaza, Jenin",-,https://orionprodrawdata.blob.core.windows.net/soi-from-s3/2023/10/27/c69855ed-7511-11ee-8e48-bf86b279b683/intel360_hash_6a8208c56e52853ad40285b8f18c793bdc43e743c1e000363a244aee9608412c.jpg
Old City,26e851e6-733e-11ee-b412-5b6ad9f73d12,"Oct 25, 2023 @ 17:45:17","mau, ï¿½ï""!, 'i, ,22.10.2023, ndw, gun, man, indoors, road, airfield, female, weapon, face",Gaza,-,https://orionprodrawdata.blob.core.windows.net/soi-from-s3/2023/10/25/26e851e6-733e-11ee-b412-5b6ad9f73d12/intel360_hash_.mp4
Old City,e0b8b8a1-7511-11ee-8e48-ad2a4f6e02db,"Oct 28, 2023 @ 00:43:39","infinit, ï¿½ï¿½, ï¿½ï¿½ï¿½ï¿½ï¿½ï¿½ï¿½ï¿½, f, palpostn, ï¿½ï¿½ï¿½ï¿½ï¿½ï¿½ï¿½ï¿½ï¿½ï¿½ï¿½ï",Gaza,-,https://orionprodrawdata.blob.core.windows.net/soi-from-s3/2023/10/27/e0b8b8a1-7511-11ee-8e48-ad2a4f6e02db/intel360_hash_69568e49f12de816993aa9131b5248799088acd37d0ef12584f9199320488f40.jpg
Old City,fe82acce-750f-11ee-8e48-5b5afedb00f6,"Oct 28, 2023 @ 00:30:08","coffee, y, f, palpostn, ï¿½ï¿½ï¿½ï¿½ï¿½ï¿½ï¿½ï¿½ï¿½ï¿½ï¿½ï¿½, station, ï¿½ï¿½ï¿½ï",Gaza,-,https://orionprodrawdata.blob.core.windows.net/soi-from-s3/2023/10/27/fe82acce-750f-11ee-8e48-5b5afedb00f6/intel360_hash_58e6c33d80ba81190cbecaebd4cce8a9cee15584e91e8866c511c16f1c70292d.jpg
Old City,f2ef1cde-750f-11ee-8e48-3dd9f3837533,"Oct 28, 2023 @ 00:29:49","y, f, palpostn, ï¿½ï¿½ï¿½ï¿½ï¿½ï¿½ï¿½ï¿½ï¿½ï¿½ï¿½ï¿½, ï¿½ï¿½ï¿½ï¿½ï¿½ï¿½ï¿½ï¿½ï¿½ï¿½ï¿½ï¿",Gaza,-,https://orionprodrawdata.blob.core.windows.net/soi-from-s3/2023/10/27/f2ef1cde-750f-11ee-8e48-3dd9f3837533/intel360_hash_ea5dfb060f0a80ae8d1b0a32a89b4ec0d53a189af6aeb31e9fb19f04c56d7c5d.jpg
Old City,d435479b-7532-11ee-8e48-97cb82149fd2,"Oct 28, 2023 @ 04:39:32","coffee, y, f, palpostn, ï¿½ï¿½ï¿½ï¿½ï¿½ï¿½ï¿½ï¿½ï¿½ï¿½ï¿½ï¿½, ï¿½ï¿½ï¿½ï¿½ï¿½ï¿½ï¿½ï¿½ï¿½ï¿½",Gaza,-,https://orionprodrawdata.blob.core.windows.net/soi-from-s3/2023/10/28/d435479b-7532-11ee-8e48-97cb82149fd2/intel360_hash_9481e8bce990560b906300b74e71e719489e63d0d6393979acd587d48700a222.jpg
Old City,c521bb7b-7511-11ee-8e48-07074ec92531,"Oct 28, 2023 @ 04:39:17","y, f, palpostn, ï¿½ï¿½ï¿½ï¿½ï¿½ï¿½ï¿½ï¿½ï¿½ï¿½ï¿½ï¿½, ï¿½ï¿½ï¿½ï¿½ï¿½ï¿½ï¿½ï¿½ï¿½ï¿½ï¿½ï¿½, s","Gaza, Jenin",-,https://orionprodrawdata.blob.core.windows.net/soi-from-s3/2023/10/27/c521bb7b-7511-11ee-8e48-07074ec92531/intel360_hash_342b4d9569254a9f5bb35bb47d66106e1bbf81b8ac6edde2e266053f38d6fae9.jpg
Saknat az Zarqa,2cb95737-71e4-11ee-a212-e5cc6e6a0274,"Oct 23, 2023 @ 23:38:55","ýýýýýýýýýýýý, ýýýý, ýýýýýýýý, ýýýýýýýýýýýý, ýýýýýýýý, ýýýýýýýýýýýý, ýýýýýýýýýýýýýý, f, ýýýýýýýýýý, ýýýýýýýýýý, ýýýýýýýýýý, 2023, ýýýýýý, ýýýýýýýýýýýýýý, ýýýýýý, ýýýýýýýýýý, ýýýýýýýýýý, ýýýýýýýý, ýýýýýýýýýýýýýý, ýýýýýýýýýýýýýý, ýýýý, ýýýý, ýýýýýýýýýý, ýýýýýýýý, ýýýýýý, ýýýýýýýýýý, ýýýýýý, ýýýýýýýý, ýýýýýýýýýý, man, indoors, child, road, urban, female, weapon, face, real",Gaza,ztg_jeninplus-22569,https://orionprodrawdata.blob.core.windows.net/soi-from-s3/2023/10/23/2cb95737-71e4-11ee-a212-e5cc6e6a0274/intel360_hash_.mp4
South Remal,b36ae398-75d3-11ee-8e48-072e108c6e0e,"Oct 28, 2023 @ 23:52:07","ýýýý, ., !, i, ýýýýýýýý !, t.me/vorposte, man, road, urban, smoke, female, face",Gaza,-,https://orionprodrawdata.blob.core.windows.net/soi-from-s3/2023/10/28/b36ae398-75d3-11ee-8e48-072e108c6e0e/intel360_hash_.mp4
Old City,e17f15e2-7511-11ee-8e48-81b608c0ff35,"Oct 28, 2023 @ 00:43:39","coffee, y, f, palpostn, ï¿½ï¿½ï¿½ï¿½ï¿½ï¿½ï¿½ï¿½ï¿½ï¿½ï¿½ï¿½, ï¿½ï¿½ï¿½ï¿½ï¿½ï¿½ï¿½ï¿½ï¿½ï¿½ï¿½ï¿½, s",Gaza,-,https://orionprodrawdata.blob.core.windows.net/soi-from-s3/2023/10/27/e17f15e2-7511-11ee-8e48-81b608c0ff35/intel360_hash_4ce9fee0a140adf4faf77e68097d3d7d794351c73e6f76ccaf539cf1e0c73fad.jpg
Old City,12aebf6c-7511-11ee-8e48-c98c7586a650,"Oct 28, 2023 @ 00:37:56","coffee, y, f, palpostn, ï¿½ï¿½ï¿½ï¿½ï¿½ï¿½ï¿½ï¿½ï¿½ï¿½ï¿½ï¿½, ï¿½ï¿½ï¿½ï¿½ï¿½ï¿½ï¿½ï¿½ï¿½ï¿½ï¿½ï¿½, s",Gaza,-,https://orionprodrawdata.blob.core.windows.net/soi-from-s3/2023/10/27/12aebf6c-7511-11ee-8e48-c98c7586a650/intel360_hash_bee096a1360be3cecec911904677b48819f65f5d6c7e91dc6ffbb80747376abc.jpg
Saknat az Zarqa,78465aa6-73b7-11ee-8e48-c9defc60fb82,"Oct 26, 2023 @ 07:25:06","king, ï¿½ï¿½ï¿½ï¿½ï¿½ï¿½, ï¿½ï¿½ï¿½ï¿½ï¿½ï¿½ï¿½ï¿½ï¿½ï¿½ï¿½ï¿½, ï¿½ï¿½ï¿½ï¿½ï¿½ï¿½ï¿½ï¿½ï¿½ï¿½ï¿½ï¿½, sky, ï¿½ï¿½ï¿½ï¿½ï¿½ï¿½ï¿½ï¿½ï¿½ï¿½ï¿½ï¿½ï¿½ï¿½:, ï¿½ï¿½ï¿½ï¿½ï¿½ï¿½ï¿½ï¿½ï¿½ï¿½, ï¿½ï¿½ï¿½ï¿½ï¿½ï¿½, ï¿½ï¿½ï¿½ï¿½, __y3ahya.m.sh, ï¿½ï¿½ï¿½ï¿½ï¿½ï¿½ï¿½ï¿½, ï¿½ï¿½ï¿½ï¿½ï¿½ï¿½ï¿½ï¿½, ï¿½ï¿½ï¿½ï¿½ï¿½ï¿½, ï¿½ï¿½ï¿½ï¿½, ï¿½ï¿½ï¿½ï¿½ï¿½ï¿½ï¿½ï¿½ï¿½ï¿½ï¿½ï¿½, ï¿½ï¿½ï¿½ï¿½ï¿½ï¿½ï¿½ï¿½, ï¿½ï¿½ï¿½ï¿½ï¿½ï¿½ï¿½ï¿½ï¿½ï¿½, ï¿½ï¿½ï¿½ï¿½ï¿½ï¿½ï¿½ï¿½ï¿½ï¿½ï¿½ï¿½, ï¿½ï¿½ï¿½ï¿½ï¿½ï¿½ï¿½ï¿½ï¿½ï¿½, ï¿½ï¿½ï¿½ï¿½ï¿½ï¿½ï¿½ï¿½, ï¿½ï¿½ï¿½ï¿½ï¿½ï¿½, ï¿½ï¿½ï¿½ï¿½ï¿½ï¿½, ï¿½ï¿½ï¿½ï¿½ï¿½ï¿½, ï¿½ï¿½ï¿½ï¿½ï¿½ï¿½, ï¿½ï¿½ï¿½ï¿½ï¿½ï¿½ï¿½ï¿½ï¿½ï¿½, ï¿½ï¿½ï¿½ï¿½ï¿½ï¿½ï¿½ï¿½ï¿½ï¿½, ï¿½ï¿½ï¿½ï¿½ï¿½ï¿½ï¿½ï¿½ï¿½ï¿½ï¿½ï¿½ï¿½ï¿½, ï¿½ï¿½ï¿½ï¿½ï¿½ï¿½ï¿½ï¿½, ï¿½ï¿½ï¿½ï¿½ï¿½ï¿½ï¿½ï¿½ï¿½ï¿½, __yyahya.m.sh, ï¿½ï¿½ï¿½ï¿½ï¿½ï¿½ï¿½ï¿½ï¿½ï¿½ï¿½ï¿½ï¿½ï¿½, __ï¿½ï¿½ï¿½ï¿½ï¿½ï¿½, ï¿½ï¿½ï¿½ï¿½ï¿½ï¿½ï¿½ï¿½ï¿½ï¿½, _y3ahya.m.sh, ing, ï¿½ï¿½ï¿½ï¿½ï¿½ï¿½ï¿½ï¿½, ï¿½ï¿½ï¿½ï¿½ï¿½ï¿½ï¿½ï¿½ï¿½ï¿½ï¿",Gaza,-,https://orionprodrawdata.blob.core.windows.net/soi-from-s3/2023/10/26/78465aa6-73b7-11ee-8e48-c9defc60fb82/intel360_hash_.mp4
Saknat az Zarqa,3e2e6e0e-7652-11ee-8e48-ab541cb639cd,"Oct 29, 2023 @ 13:57:56","ýýýýýýýýýýýý, ýýýýýýýýýýýýýý, ýýýý, ýýýýýý, pr, ýýýýýýýýýýýýýý, ýýýýýýýýýý, ýýýýýýýý, ýýýýýýýýýýýý, ýýýýýýýý, ýýýýýýýýýýýý, ýýýýýýýýýýýýýý, ýýýýýýýý, ýýýýýýýýýý, ýýýýýýýýýýýýýý, ýýýýýýýý, ýýýýýýýý, ýýýýýýýýýý, ýýýýýýýýýýýýýý, ýýýýýýýýýýýýýýýýýý, ýýýýýýýý, ýýýýýýýýýýýýýý, ýýýýýýýýýý, ýýýýýýýý, ýýýýýý, ýýýýýýýýýýýýýý, ýýýýýýýýýýýýýýýý, ss, ýýýýýýýýýý, ýýýýýýýýýý, ýýýý, press, ýýýýýýýýýý ýýýý, ýýýýýýýýýý, ýýýýýýýýýý ýý, gun, man, indoors, road, urban, female, aircraft, weapon, face, real, destroyed, m23, p",Gaza,-,https://orionprodrawdata.blob.core.windows.net/soi-from-s3/2023/10/29/3e2e6e0e-7652-11ee-8e48-ab541cb639cd/intel360_hash_.mp4
Old City,38e8f62d-7424-11ee-8e48-dd3a1bb39dcb,"Oct 26, 2023 @ 20:22:26","ýýýýýý, ýýýýýýýý, ýýýýýýýýýýýýýý, ýýýýýýýýýýýýýýýý, ýýýýýýýý, ýýýýýý, ýýýýýý, ýýýýýý, alforgan_net, ýýýýýý, road, urban",Gaza,-,https://orionprodrawdata.blob.core.windows.net/soi-from-s3/2023/10/26/38e8f62d-7424-11ee-8e48-dd3a1bb39dcb/intel360_hash_2d3aa7b11334930f1ee05b56a9b06c85a5d78f701589528855c74154b3b0e91c.jpg
Old City,d24190bd-7511-11ee-8e48-25b992316e1d,"Oct 28, 2023 @ 00:43:13","coffee, y, f, ï¿½ï¿½ï¿½ï¿½ï¿½ï¿½ï¿½ï¿½, palpostn, ï¿½ï¿½ï¿½ï¿½ï¿½ï¿½ï¿½ï¿½ï¿½ï¿½ï¿½ï¿½, ï¿½ï¿½ï¿½ï¿½ï¿½ï¿½ï¿½ï¿",Gaza,-,https://orionprodrawdata.blob.core.windows.net/soi-from-s3/2023/10/27/d24190bd-7511-11ee-8e48-25b992316e1d/intel360_hash_08864e6449f30a20a64ef2c3b1672caea63593a453d6fabe354aa6f9d7b2c39a.jpg
Old City,f002843a-750f-11ee-8e48-994ae4855dae,"Oct 28, 2023 @ 00:29:49","coffee, y, f, palpostn, ï¿½ï¿½ï¿½ï¿½ï¿½ï¿½ï¿½ï¿½ï¿½ï¿½ï¿½ï¿½, ï¿½ï¿½ï¿½ï¿½ï¿½ï¿½ï¿½ï¿½ï¿½ï¿½ï¿½ï¿½, station, ",Gaza,-,https://orionprodrawdata.blob.core.windows.net/soi-from-s3/2023/10/27/f002843a-750f-11ee-8e48-994ae4855dae/intel360_hash_8509c2740c9f62f1c02fcf5c776662287a595775b7ee2e4b53dd057acbb03f0e.jpg
Old City,90767e48-7395-11ee-8e48-ab29944455dd,"Oct 26, 2023 @ 03:24:09","ýýýýýý, ýýýýýýýýýý, ýýýýýýýýýýýýýý, ýýýýýýýý, ýýýýýýýýýýýý, ýýýýýýýýýýýýýý, ýýýýýýýýýýýý, ýýýýýýýý, ýýýýýý, ýýýýýýýýýýýý, ýýýý, ýýýý, ýýýýýýýýýý, ýýýýýýýýýýýýýý, ýýýýýý, ýýýýýýýýýýýýýý, ýýýýýýýýýýýý, ýýýý, ýýýý, ýýýýýýýý, ýýýýýý, ýýýýýýýýýýýý, man, road, female, pollution, weapon, face",Gaza,-,https://orionprodrawdata.blob.core.windows.net/soi-from-s3/2023/10/26/90767e48-7395-11ee-8e48-ab29944455dd/intel360_hash_.mp4
Old City,e35167a7-738d-11ee-8e48-8b4a0fcf9de0,"Oct 26, 2023 @ 02:26:45","sky, ï¿½ï¿½ï¿½ï¿½ï¿½ï¿½ï¿½ï¿½, f, a, palpostn, ï¿½ï¿½ï¿½ï¿½ï¿½ï¿½ï¿½ï¿½ï¿½ï¿½ï¿½ï¿½, ï¿½ï¿½ï¿½ï¿½ï",Gaza,-,https://orionprodrawdata.blob.core.windows.net/soi-from-s3/2023/10/25/e35167a7-738d-11ee-8e48-8b4a0fcf9de0/intel360_hash_a9cbdb9079fe8caeb1ae0eae2184b269985388a0f7eafb6e16e85fcd8be10ef3.jpg
Saknat az Zarqa,3b45b29c-7111-11ee-8ff1-bb0fd07a0be3,"Oct 22, 2023 @ 22:38:53","ýýýýýýýýýýýý, ýýýý ýýýýýý, ýý, ýýýýýýýý, 5.11, ýýýýýýýýýýýýýý, ýýýýýýýý, as, 5, ýýýýýýýýýýýý, ýýýýýýýý, i, -, ýýýýýýýýýý, ýýýýýýýý, ýýýý, ýýýý, ýýýýýýýýýý, ýýýý, ýýýýýýýý, ýýýýýý, w, ýýýýýý, el, ýýýýýýýý, ýýýýýý ýýýýýýýý, gun, man, grenade, indoors, child, tunnel, army, bomb, dungeon, road, urban, soldier, armory, female, military, military uniform, weapon, face, real",Gaza,ztg_hamaspa-471,https://orionprodrawdata.blob.core.windows.net/soi-from-s3/2023/10/22/3b45b29c-7111-11ee-8ff1-bb0fd07a0be3/intel360_hash_.mp4
Saknat az Zarqa,80e8fe07-7678-11ee-8e48-a5ca9c927362,"Oct 29, 2023 @ 18:31:48","ýýýýýý, ýýýýýýýýýýýý, ýýýý, ýýýýýýýýýýýý, ýýýýýýýýýý, man, road, urban, smoke, face",Gaza,-,https://orionprodrawdata.blob.core.windows.net/soi-from-s3/2023/10/29/80e8fe07-7678-11ee-8e48-a5ca9c927362/intel360_hash_.mp4
Saknat az Zarqa,f73ec288-76fe-11ee-b588-6f77a640dc7b,"Oct 30, 2023 @ 10:34:09","vingins, dingino, !, no, play, -, ï¿½ï¿½ï¿½ï¿½ï¿½ï¿½ï¿½ï¿½ï¿½ï¿½, ï¿½ï¿½ï¿½ï¿½ï¿½ï¿½ï¿½ï¿½ï¿½ï¿½ï¿½ï¿½ï¿½ï¿½ !, 20, ï¿½ï¿½ï¿½ï¿½ï¿½ï¿½, ï¿½ï¿½ï¿½ï¿½, team, vin",Gaza,-,https://orionprodrawdata.blob.core.windows.net/soi-from-s3/2023/10/30/f73ec288-76fe-11ee-b588-6f77a640dc7b/intel360_hash_.mp4
ýýýý ýýýýýýýýýý ýýýýýýýý,3de8aa8f-7660-11ee-8e48-b9f4a1f7fefb,"Oct 29, 2023 @ 15:38:08","ýýýýýý, pulling, ýýýýýý, ýýýý, cart, 2:00, ýýýýýýýý, ýýýýýýýýýýýýýý, ýýýýýýýý, ýýýýýýýý, bombing, ýýýýýýýý, ýýýýýýýýýýýýýý, martyr, israeli, ýýýýýýýý, f50, a, ambulances,, due, ess, west, ýýýýýý, animal, yunis, to, -, ýýýýýý, hospital, acoste, khan, cost, ýýýý, ýýýýýýýý, ýýýýýýýý, ýýýýýý, lack, ýýýýýýýýýýýý, by, from, ss, ýýýýýýýý, ýýýýýýýýýý, ýýýýýý, an, brought, ýýýýýýýýýý, ýýýýýýýýýý, ever, press, ýýýýýýýý, ýýýýýýýý, adidas, of, ýýýýýý, s, the, man, child, road, urban, female, weapon, face, real",Khan Yunis,-,https://orionprodrawdata.blob.core.windows.net/soi-from-s3/2023/10/29/3de8aa8f-7660-11ee-8e48-b9f4a1f7fefb/intel360_hash_.mp4
Old City,2398f9ff-73ef-11ee-8e48-99ef5a984c88,"Oct 26, 2023 @ 14:03:08","e, oul, ï¿½ï¿½ï¿½ï¿½, malalo, ï¿½ï¿½ï¿½ï¿½ï¿½ï¿½ï¿½ï¿½ï¿½ï¿½, ï¿½ï¿½ï¿½ï¿½ï¿½ï¿½ï¿½ï¿½ï¿½ï¿½, ï¿½ï¿½ï¿½ï¿½, ï¿½ï¿½ï¿½ï¿½ï¿½ï¿½ï¿½ï¿½ï¿½ï¿½, mal, ï¿½ï¿½ï¿½ï¿½ï¿½ï¿½, ï¿½ï¿½ï¿½ï¿½ï¿½ï¿½ï¿½ï¿½ï¿½ï¿½ï¿½ï¿½, ï¿½ï¿½ï¿½ï¿½ï¿½ï¿½ï¿½ï¿½ï¿½ï¿½ï¿½ï¿½, malalou, g, ï¿½ï¿½ï¿½ï¿½ï¿½ï¿½ï¿½ï",Gaza,-,https://orionprodrawdata.blob.core.windows.net/soi-from-s3/2023/10/26/2398f9ff-73ef-11ee-8e48-99ef5a984c88/intel360_hash_.mp4
Old City,f5104f59-7401-11ee-8e48-25519a212cad,"Oct 26, 2023 @ 16:17:47","ýýýýýý, hammed_fayq, ýýýýýýýýýýýýýýýýýý, ýýýýýýýýýý, mohammed, ýýýýýýýý, ýýýýýýýýýýýý, ýýýýýýýý, ýýýý, ýýýýýýýýýýýýýý, ýýýýýýýýýý, ýýýýýýýý, ýýýýýý, mohammed_, ýýýýýý, fayq, ýýýý, ýýýýýýýýýýýý, ýýýýýý, man, indoors, child, road, urban, female, face",Gaza,-,https://orionprodrawdata.blob.core.windows.net/soi-from-s3/2023/10/26/f5104f59-7401-11ee-8e48-25519a212cad/intel360_hash_.mp4
ýýýý ýýýýýýýýýý ýýýýýýýý,8d27f243-765f-11ee-8e48-415897b5444b,"Oct 29, 2023 @ 15:33:12","ýýýýýý, pulling, ýýýýýý, ýýýýýý, ýýýý, cart, ýýýýýýýý, ýýýýýýýýýýýýýý, dex, ýýýýýýýý, bombing, ýýýýýýýý, u, ýýýýýýýýýýýýýý, martyr, israeli, f, ýýýýýýýý, a, ambulances,, due, cosw, west, ýýýýýý, ýýýýýý, animal, yunis, to, ýýýýýý, hospital, khan, ýýýýýýýýýý, the, ýýýý, ýýýýýýýý, ýýýýýýýý, ýýýýýý, lack, ýýýýýýýýýýýý, ýýýýýýýýýýýý, by, ed, from, ss, ýýýýýýýý, ýýýýýýýýýý, an, brought, ýýýýýýýýýý, ýýýýýýýýýý, ever, press, 2:003, ýýýýýýýý, ýýýýýýýý, adidas, 440, of, ýýýýýý, the, man, indoors, child, road, urban, female, face",Khan Yunis,-,https://orionprodrawdata.blob.core.windows.net/soi-from-s3/2023/10/29/8d27f243-765f-11ee-8e48-415897b5444b/intel360_hash_.mp4
Old City,9b3b2dac-7589-11ee-8e48-d31eda00643a,"Oct 28, 2023 @ 15:00:41","ýý, ýýýý, ýýýýýýýý, ýýýýýýýý, f, ýý.ýýýýýýýý, palpostn, ýýýýýýýýýýýý, ýýýýýýýý, ýýýýýýýýýýýý, ýýýýýý, ýýýýýýýý, man, female, road, urban",Gaza,-,https://orionprodrawdata.blob.core.windows.net/soi-from-s3/2023/10/28/9b3b2dac-7589-11ee-8e48-d31eda00643a/intel360_hash_311e5c7fa8df2dddd76fe14a1c9faf4e2407a3ab01083403045dc68d00da4f7a.jpg
Saknat az Zarqa,02567a7f-765a-11ee-8e48-231ba62dc794,"Oct 29, 2023 @ 14:53:31","ýýýýýýýýýýýý, ýýýýýýýýýýýýýý, ýýýý, ýýýýýý, ýýýýýýýýýý, ýýýýýýýý, ýýýýýýýýýý-ýýýýýýýýýýýýýý, ýýýýýýýýýýýý, ýýýýýýýýýýýý, ýýýýýýýý, ýýýýýýýýýýýý, ýýýýýýýý, ýýýý, ýýýýýýýýýýýýýý, ýýýýýýýý, ýýýýýýýýýý, ýýýýýýýýýýýýýý, ýýýýýýýý, ýýýýýýýýýý, ýýýýýýýýýýýýýýýýýý, ýýýýýýýý, ýýýýýýýýýýýýýý, ýýýýýýýýýý, ýýýýýýýý, ýýýýýý, ýýýýýýýýýýýýýý, p, ýýýýýýýýýýýýýýýý, ss, ýýýýýýýýýý, ýýýýýýýýýý, ýýýýýý, ýýýý, ýýýýýýýýýý, press, ýýýýýýýýýý, ýýýýýýýýýýýýýýýýýýýý, gun, man, indoors, child, road, urban, female, weapon, face, real",Gaza,-,https://orionprodrawdata.blob.core.windows.net/soi-from-s3/2023/10/29/02567a7f-765a-11ee-8e48-231ba62dc794/intel360_hash_.mp4
ýýýý ýýýýýýýýýý ýýýýýýýý,b3bbc907-742e-11ee-8e48-ad8b218dc52b,"Oct 26, 2023 @ 21:39:04","ýýýýýýýýýýýý2023, ýýýýýýýýýýýý, perfect, ýýýýýýýý, ra, ýýýýýýýý, ýýýý, ýýýýýý, ýýýýýýýýýýýý, 26, big, f, der, ýýýýýýýýýý, origin, ýýýýýý, ýýýýýýýý - ýýýýýý, ýýýýýýýýýý, ýýýýýýýýýýýýýý, ýý2023, ýýýýýýýýýýýýýý, ýýýýýýýýýýýýýý, w, ýýýýýý, under, r, adidas, b-, ýýýýýýýýýý, nb, ýýýýýýýý, s, man, indoors, child, road, female, weapon, face",Khan Yunis,-,https://orionprodrawdata.blob.core.windows.net/soi-from-s3/2023/10/26/b3bbc907-742e-11ee-8e48-ad8b218dc52b/intel360_hash_.mp4
Saknat az Zarqa,911dfdf6-7153-11ee-8ff1-416be59c8d2c,"Oct 23, 2023 @ 06:33:45","ýýýý ýýýýýý, saraya, ýý, 5.11, ýýýýýý, 13, ýýýýýýýýýýýýýý, ýýýýýýýý, as, 5, ýýýýýýýýýýýý, ýýýýýýýý, ýýýýýýýý, ýýýýýýýý, i, ýýýýýýýýýýýý, ýýýý, -, ýý2, ýýýýýýýýýý, ýýýýýý, ýýýýýýýý, ýýýýýýýý, .., ýýýýýýýýýý, ýýýý, ýýýýýý, ýýýýýý, ..., ýýýýýýýý, ýýýý, ýýýýýý ýýýýýýýý, ýýýýýý, ýý, www, gun, man, grenade, indoors, child, tunnel, army, bomb, dungeon, road, urban, soldier, sniper, armory, female, aircraft, military, military uniform, weapon, face, real, destroyed",Gaza,ztg_alaqsaflood177-1223,https://orionprodrawdata.blob.core.windows.net/soi-from-s3/2023/10/23/911dfdf6-7153-11ee-8ff1-416be59c8d2c/intel360_hash_.mp4
ýýýý ýýýýýýýýýý ýýýýýýýý,83ede2b6-765f-11ee-8e48-cb848d593a92,"Oct 29, 2023 @ 15:34:51","ýýýýýý, pulling, ýýýýýý, ýýýý, cart, ýýýýýýýý, ýýýýýýýýýýýýýý, ýýýýýý ýý, pr, ýýýýýýýý, pex, ýýýýýýýý, bombing, ýýýýýýýý, ýýýýýýýýýýýýýý, martyr, israeli, f, ýýýýýýýý, a, ambulances,, due, ess, west, ýýýýýý, animal, yunis, to, hospital, acoste, khan, pottega, ýýýý, ýýýýýýýý, ýýýýýýýý, ýýýýýý, lack, ýýýýýýýýýýýý, ýýýýýýýýýýýý, by, #, from, ss, ýýýýýýýý, ýýýýýýýýýý, an, brought, ýýýýýýýýýý, ýýýýýýýýýý, titude, press, 2:003, ýýýýýýýý, ýýýýýýýý, adidas, of, ýýýýýý, the, man, child, road, urban, female, weapon, face, ýýýýýý, ighsta, ýýýýýý, f50, ýýýý, lacoste, coste, ýýýýýý, ever, need, ýýýýýýýý, ap, s",Khan Yunis,-,https://orionprodrawdata.blob.core.windows.net/soi-from-s3/2023/10/29/83ede2b6-765f-11ee-8e48-cb848d593a92/intel360_hash_.mp4
Old City,0b4c2bfe-73da-11ee-8e48-ef36ee1a8050,"Oct 26, 2023 @ 11:32:08","ýýýýýýýý, ýýýýýýýýýýýý, ýýýý, 7w, ýýýýýýýýýýýý, alaraby.com, 1685, ýýýýýýýýýýýýýý, 3-1685-50, 1685-50, ýýýýýý, mms, 7""ýýýý, ýýýýýýýýýýýýýýýý, press, ýýýýýýýýýýýýýý, tank, man, amphibious vehicle, child, road, urban, armored, airfield, smoke, ambulance, female, military, weapon, face, destroyed",Gaza,-,https://orionprodrawdata.blob.core.windows.net/soi-from-s3/2023/10/26/0b4c2bfe-73da-11ee-8e48-ef36ee1a8050/intel360_hash_.mp4
Old City,b9fb0e1e-72b1-11ee-b412-13e3737e07df,"Oct 25, 2023 @ 17:52:28","ýýýýýý, ýýýýýýýý, -, ýýýýýý, ýýýýýý, ýýýýýýýý, ýýýýýýýýýý, 101, ýýýý, ýýýýýýýýýýýý, man, child, road, urban, female, face",Gaza,-,https://orionprodrawdata.blob.core.windows.net/soi-from-s3/2023/10/24/b9fb0e1e-72b1-11ee-b412-13e3737e07df/intel360_hash_.mp4
Old City,d7005875-7386-11ee-8e48-fd75e4fe2215,"Oct 26, 2023 @ 01:36:47","ýýýý, rezeq, 35, origin, sound, ess, leasant, -, orig, 25, origina, abu, und, hani, man, child, road, urban, face",Gaza,-,https://orionprodrawdata.blob.core.windows.net/soi-from-s3/2023/10/25/d7005875-7386-11ee-8e48-fd75e4fe2215/intel360_hash_.mp4
Old City,b44e6e53-7492-11ee-8e48-79bc4594d44d,"Oct 27, 2023 @ 09:33:17","ýýýýýýýýýýýý, @carmeldangor, for, n'on, area, llci, 09, l'cgl, the, ýýýýýý, to, carmel, ..., authority, ýýýýýýýýýý, your, d, dangor, ýýýýýýýýýýýý, road, urban",Gaza,-,https://orionprodrawdata.blob.core.windows.net/soi-from-s3/2023/10/27/b44e6e53-7492-11ee-8e48-79bc4594d44d/intel360_hash_8efb901def55c2bf1cd8ca5bf9e2cd84076eed73a911fd11ae2b217d0f8d8a30.jpg
Saknat az Zarqa,4431e594-71f9-11ee-b7e7-dfbe91432053,"Oct 24, 2023 @ 02:09:54","ýýýýýýýýýýýý, ýýýý, ýýýýýý, ýýýýýýýýýýýýýý, ýýýýýýýý, ýýýýýýýýýýýý, ýýýýýýýýýýýý..!, ýýýýýýýý, ýýýýýýýý, z, man, post apocalyptic, child, road, rubble, urban, female, face",Gaza,ztg_nablus_alroh-72922,https://orionprodrawdata.blob.core.windows.net/soi-from-s3/2023/10/23/4431e594-71f9-11ee-b7e7-dfbe91432053/intel360_hash_.mp4
Saknat az Zarqa,863f2b9a-772b-11ee-b588-9d43cf393347,"Oct 30, 2023 @ 16:02:25","on, ï¿½ï¿½ï¿½ï¿½ï¿½ï¿½ï¿½ï¿½ï¿½ï¿½, ï¿½ï¿½ï¿½ï¿½ï¿½ï¿½ï¿½ï¿½, ï¿½ï¿½ï¿½ï¿½ï¿½ï¿½ï¿½ï¿½ï¿½ï¿½, ï¿½ï¿½ï¿½ï¿½ï¿½ï¿½ï¿½ï¿½, dingino, !, ï¿½ï¿½ï¿½ï¿½ï¿½ï¿½ï¿½ï¿½ï¿½ï¿½, i, play, ï¿½ï¿½ï¿½ï¿½ï¿½ï¿½ï¿½ï¿½ï¿½ï¿½, ï¿½ï¿½ï¿½ï¿½, ï¿½ï¿½ï¿½ï¿½ï¿½ï¿½ï¿½",Gaza,-,https://orionprodrawdata.blob.core.windows.net/soi-from-s3/2023/10/30/863f2b9a-772b-11ee-b588-9d43cf393347/intel360_hash_.mp4
Old City,8acf0ae2-73a0-11ee-8e48-f5a79ef171f3,"Oct 26, 2023 @ 04:40:26","ýýýýýýýýýýýý, ýýýýýýýýýý, rezeq, ýýýýýýýýýýýý, 03, ýýýýýýýýýýýý, aj, -, ýýýýýýýýýýýý, 0703620, hani.aburezeq, ýýýýýýýýýý"", ""ýýýýýýýý, urezeq, abu, ýý, hani, man, child, road, urban, smoke, female, face",Gaza,-,https://orionprodrawdata.blob.core.windows.net/soi-from-s3/2023/10/26/8acf0ae2-73a0-11ee-8e48-f5a79ef171f3/intel360_hash_.mp4
Old City,aa3679b1-7589-11ee-8e48-75effa8cc9c0,"Oct 28, 2023 @ 15:01:05","ýýýýýýýý, ýýýýýýýý, f, ýýýýýýýýýý, ýý.ýýýýýýýý, palpostn, ýýýýýýýýýýýý, er, sh, -, ýýýýýýýýýý, ýýýýýýýý, ýýýýýýýý, +, ýýýý, ýýýýýýýý, adidas, ýýýýýýýýýýýý, unda, ýýýýýý, ýýýýýýýý, ýýýýýý, man, road, urban",Gaza,-,https://orionprodrawdata.blob.core.windows.net/soi-from-s3/2023/10/28/aa3679b1-7589-11ee-8e48-75effa8cc9c0/intel360_hash_80f3b10aad0a8a0c4bc5c14a90fd97ca0fa6c2f6442e642133a73da54d7bb244.jpg
Old City,8455bcd5-7449-11ee-8e48-53f4dee32115,"Oct 27, 2023 @ 00:49:23","ýýýýýýýýýýýý, @carmeldangor, for, n'on, area, llci, 09, l'cgl, 197, lll, the, ýýýýýý, to, carmel, ..., authority, ýýýýýýýýýý, your, d, dangor, ýýýýýýýýýýýý, road, urban",Gaza,-,https://orionprodrawdata.blob.core.windows.net/soi-from-s3/2023/10/26/8455bcd5-7449-11ee-8e48-53f4dee32115/intel360_hash_e169aa0e35985d69aa4b0070f0ccac74960103fb7994e613b985135f25fa4246.jpg
Saknat az Zarqa,46500aa7-71f9-11ee-b7e7-113beed0bff9,"Oct 24, 2023 @ 02:09:57","ýýýýýýýýýýýý, ýýýýýýýýýýýý, ýýýý, ýýýýýý, ýýýýýýýýýýýýýý, ýýýýýýýý, ýýýýýýýýýýýý, ýýýýýýýýýýýý..!, ýýýýýýýýýýýý, ýýýýýýýý, ýýýýýýýý, 3, man, child, road, rubble, urban, female, weapon, face, real",Gaza,ztg_tulkrmeoon-25269,https://orionprodrawdata.blob.core.windows.net/soi-from-s3/2023/10/23/46500aa7-71f9-11ee-b7e7-113beed0bff9/intel360_hash_.mp4
Saknat az Zarqa,2b186673-758a-11ee-8e48-6d475233fd0b,"Oct 28, 2023 @ 15:07:40","ýýýý, ýý, ieve, shehab, the, play, playst, p, ýýýýýýýý, ýýýýýýýýýýýý, younis, ýýýýýýýýýý, press, ýýýýýýýý, ýýýýýýýý, ris, aoxd, man, child, road, urban, female, face",Gaza,-,https://orionprodrawdata.blob.core.windows.net/soi-from-s3/2023/10/28/2b186673-758a-11ee-8e48-6d475233fd0b/intel360_hash_.mp4
Saknat az Zarqa,f12a73c2-71e3-11ee-a212-c3df89252a2a,"Oct 23, 2023 @ 23:37:15","killed, 12, people, due, in, is, yunis,, ï¿½ï¿½ï¿½ï¿½ï¿½ï¿½, downtown., sleep., this, people,, bombing, displaced, israeli, crowded, a, cafe, there, safe, to, ï¿½ï¿½ï¿½ï¿½, st, khan, most, on, ï¿½ï¿½ï¿½ï¿½ï¿½ï¿½ï¿½ï¿½, gaza, ï¿½ï¿½ï¿½ï¿½ï¿½ï¿½, with, rio, place, street, where, were, ï¿½ï¿½ï¿½ï¿½, nea",Gaza,ztg_saifalqads-70210,https://orionprodrawdata.blob.core.windows.net/soi-from-s3/2023/10/23/f12a73c2-71e3-11ee-a212-c3df89252a2a/intel360_hash_.mp4
Saknat az Zarqa,013c86f9-71e4-11ee-a212-e937365b3e6c,"Oct 23, 2023 @ 23:37:43","killed, 12, people, due, in, is, yunis,, ï¿½ï¿½ï¿½ï¿½ï¿½ï¿½, downtown., sleep., this, people,, bombing, displaced, israeli, crowded, a, cafe, there, safe, to, ï¿½ï¿½ï¿½ï¿½, st, khan, most, on, ï¿½ï¿½ï¿½ï¿½ï¿½ï¿½ï¿½ï¿½, gaza, ï¿½ï¿½ï¿½ï¿½ï¿½ï¿½, with, rio, place, street, where, were, ï¿½ï¿½ï¿½ï¿½, nea",Gaza,ztg_dheisheh_event194867-74306,https://orionprodrawdata.blob.core.windows.net/soi-from-s3/2023/10/23/013c86f9-71e4-11ee-a212-e937365b3e6c/intel360_hash_.mp4
Saknat az Zarqa,d9446c29-71ea-11ee-b7e7-ad3bed438d69,"Oct 24, 2023 @ 00:26:41","killed, 12, people, due, in, is, yunis,, ï¿½ï¿½ï¿½ï¿½ï¿½ï¿½, downtown., sleep., this, people,, bombing, displaced, israeli, crowded, a, cafe, there, safe, to, ï¿½ï¿½ï¿½ï¿½, st, khan, most, on, ï¿½ï¿½ï¿½ï¿½ï¿½ï¿½ï¿½ï¿½, gaza, ï¿½ï¿½ï¿½ï¿½ï¿½ï¿½, with, rio, place, street, where, were, ï¿½ï¿½ï¿½ï¿½, nea",Gaza,ztg_jerichonews-15665,https://orionprodrawdata.blob.core.windows.net/soi-from-s3/2023/10/23/d9446c29-71ea-11ee-b7e7-ad3bed438d69/intel360_hash_.mp4
Saknat az Zarqa,2ff91464-71eb-11ee-b7e7-87f6f92150ee,"Oct 24, 2023 @ 00:29:11","killed, 12, people, due, in, is, yunis,, ï¿½ï¿½ï¿½ï¿½ï¿½ï¿½, downtown., sleep., this, people,, bombing, displaced, israeli, crowded, a, cafe, there, safe, to, ï¿½ï¿½ï¿½ï¿½, st, khan, most, on, ï¿½ï¿½ï¿½ï¿½ï¿½ï¿½ï¿½ï¿½, gaza, ï¿½ï¿½ï¿½ï¿½ï¿½ï¿½, with, rio, place, street, where, were, ï¿½ï¿½ï¿½ï¿½, nea",Gaza,ztg_selfetnews-20419,https://orionprodrawdata.blob.core.windows.net/soi-from-s3/2023/10/23/2ff91464-71eb-11ee-b7e7-87f6f92150ee/intel360_hash_.mp4
"Saknat az Zarqa, Saknat az Zarqa",4924b6f3-745c-11ee-8e48-55484dc5440a,"Oct 27, 2023 @ 03:10:27","ýýýýýý, ýýýýýýýýýýýýýýýýýý:, ýýýýýýýý, |, ýýýý, ýýýýýýýý, ýýýýýýýý, ýýýýýýýý, ýýýýýýýý, ýýýýýýýý, ýýýýýýýýýý, ýýýýýýýý, ýýýýýýýýýý, ýýýý, ýýýýýýýýýý, ýýýýýýýýýýýýýýýýýýýý, ýýýýýýýýýýýý, road, urban, aircraft","Gaza, Gaza",-,https://orionprodrawdata.blob.core.windows.net/soi-from-s3/2023/10/27/4924b6f3-745c-11ee-8e48-55484dc5440a/intel360_hash_f145949ed339af365514e33d50152bd8e035927a1dacf185abdb525f8514e717.jpg
Saknat az Zarqa,cfd2d8c0-768a-11ee-8e48-2794af81020d,"Oct 29, 2023 @ 20:42:53","ýýýýýýýýýý, ýýýý ýýýýýýýý, ýýýýýýýýýýýýýý, ýýýýýýýýýýýý, ýýýýýýýýýýýýýý, ýýýýýýýý, 400, ýýýý, ýýýýýýýýýýýýýý, ýýýýýý, ýýýýýýýýýý, ýýýýýýýýýýýýýýýýýý, 4, ýýýýýýýý, ýýýýýýýý, pulestine, ýýýýýýýý, ýýýýýýýýýý, ýýýýýýýýýýýý, free, t, ýýýýýýýýýý, ýýýýýýýýýýýýýý, palestine, ýýýýýýýýýý, polestine, ýýýýýýýý, ýýýýýýýýýýýýýýýý, 4k, ýýýýýýýý, ýýýýýýýýýý, overthinking_400, ýýýýýýýýýýýýýý, ýýýýýýýý, ýýýýýý, 21, -, ýýýýýýýýýý, ýýýýýý, ýýýýýýýý, ýýýýýý, ""21"", ï¿½ï¿½ï¿½ï¿½, ï¿½ï¿½ï¿½ï¿½ï¿½ï¿½ï¿½ï¿½ï¿½ï¿½ï¿½ï¿½ï¿½ï¿½ï¿½ï¿½ï¿½ï¿½, ï¿½ï¿½ï¿½ï¿½ï¿½ï¿½ï¿½ï¿½ï¿½ï¿½, ï¿½ï¿½ï¿½ï¿½ï¿½ï¿½ï¿½ï¿½ï¿½ï¿½ï¿½ï¿½, ï¿½ï¿½ï¿½ï¿½ï¿½ï¿½ï¿½ï¿½ï¿½ï¿½, .., overthinking, ï¿½ï¿½ï¿½ï¿½ï¿½ï¿½ï¿½ï¿½, ï¿½ï¿½ï¿½ï¿½ï¿½ï¿½, ï¿½ï¿½ï¿½ï¿½ï¿½ï¿½ï¿½ï¿½ï¿½ï¿½, ï¿½ï¿½ï¿½ï¿½ï¿½ï¿½ï¿½ï¿½ï¿½ï¿½, ï¿½ï¿½ï¿½ï¿½ï¿½ï¿½ï¿½ï¿½ï¿½ï¿½ï¿½ï¿½, ï¿½ï¿½ï¿½ï¿½ï¿½ï¿½ï¿½ï¿½ï¿½ï¿½ï¿½ï¿½ï¿½ï¿½, gy, ï¿½ï¿½ï¿½ï¿½ï¿½ï¿½ï¿½ï¿½, talib, ï¿½ï¿½ï¿½ï¿½ï¿½ï¿½ï¿½ï¿½ï¿½ï¿½ï¿½ï¿½ï¿½ï¿½ï¿½ï¿½, alib, ï¿½ï¿½ï¿½ï¿½ï",Gaza,-,https://orionprodrawdata.blob.core.windows.net/soi-from-s3/2023/10/29/cfd2d8c0-768a-11ee-8e48-2794af81020d/intel360_hash_.mp4
Saknat az Zarqa,8fa6bb0f-757b-11ee-8e48-6f867febfb52,"Oct 28, 2023 @ 13:21:12","ýýýý, ýýýýýýýý, ýý, 4, shehab, the, playstation, play, -, p, ýýýýýýýýýý, ýýýýýýýý, ýýýýýýýýýýýý, younis, ýýýýýýýýýý, press, ýýýýýýýý, ýýýýýýýý, ris, ýýýýýýýý, man, child, road, urban, female, face",Gaza,-,https://orionprodrawdata.blob.core.windows.net/soi-from-s3/2023/10/28/8fa6bb0f-757b-11ee-8e48-6f867febfb52/intel360_hash_.mp4
Old City,510a6d73-71f8-11ee-b7e7-55b123916795,"Oct 24, 2023 @ 02:03:05","ýýýý, ýýýýýýýýýýýý, ýýýý, ýýýýýý, bani, abu, rezeq, ýýýýýýýý, ýýýýýýýýýý, ýýýýýýýýýý, ýýýýýýýý, ad, ýýýýýýýýýýýý, ýýýýýýýýýýýý, ýýýýýýýýýý, ýýýýýýýýýý.ýýýý, hani, man, child, road, urban, female, face",Gaza,ztg_farouq_salameh-16846,https://orionprodrawdata.blob.core.windows.net/soi-from-s3/2023/10/23/510a6d73-71f8-11ee-b7e7-55b123916795/intel360_hash_.mp4
Old City,4c5b3d3c-71f8-11ee-b7e7-81bd3f2add07,"Oct 24, 2023 @ 02:02:58","ýýýý, ýýýýýýýýýýýý, ýýýý, ýýýýýý, ýýýýýýýý, abu, rezeq, ýýýýýýýý, ýýýýýýýýýý, i, ýýýýýýýýýý, ýýýýýýýý, ad, ýýýýýýýýýýýý, ýýýýýýýýýýýý, ýýýýýýýýýý, ýýýýýýýýýý.ýýýý, hani, man, child, road, urban, female, face",Gaza,ztg_jamilalamouri-68367,https://orionprodrawdata.blob.core.windows.net/soi-from-s3/2023/10/23/4c5b3d3c-71f8-11ee-b7e7-81bd3f2add07/intel360_hash_.mp4
Saknat az Zarqa,36b20b07-7380-11ee-8e48-e53ba87f8241,"Oct 26, 2023 @ 00:48:39","ýýýýýýýýýýýý, ýýýý, ýýýýýý, ýýýýýýýý, ýýýýýý, ýýýýýýýýýýýý, ýýýýýýýýýýýý, ýýýýýýýýýý, ýýýýýýýýýýýýýý, ýýýýýýýýýýýýýýýý, ýýýýýýýý, ýýýýýýýýýýýýýý, ýýýýýýýýýýýýýý, i, ýýýýýýýýýýýýýýýý, ýýýýýý, ýýýýýýýýýýýýýýýýýý, ýýýýýýýý, ýýýý, ýýýýýý, ýýýýýýýýýýýýýýýý, ýýýýýýýýýýýý, ýýýýýýýý, ýýýýýýýýýý, ýýýýýýýý, ýýýýýýýýýýýýýýýý, ýýýýýýýý, ýýýýýýýýýýýý, ýýýýýýýýýý, ýýýýýýýýýý, ýýýýýýýýýýýý, ýýýýýýýýýýýýýý, ýýýýýýýý, ýýýýýýýýýýýý, ýýýý, ýýýýýýýý ýýýýýýýýýý, ýýýýýýýýýýýýýýýý, ýýýýýýýý, ýýýýýýýýýýýý, ýýýýýýýýýýýý, urban, road, man, face",Gaza,-,https://orionprodrawdata.blob.core.windows.net/soi-from-s3/2023/10/25/36b20b07-7380-11ee-8e48-e53ba87f8241/intel360_hash_8df85a6b0c2f31a9bb2aef0835c4939036259219b0d17644235ebd3d2a731205.jpg
Old City,7859210e-71f4-11ee-b7e7-b753a2ce9982,"Oct 24, 2023 @ 01:35:34","ýýýý, ýýýýýýýýýýýý, han, ýýýý, ýýýýýý, ýýýýýýýý, abu, rezeq, ýýýýýýýý, ýýýýýýýýýý, ham, releq, ýýýýýýýýýý, ýýýýýýýý, ýýýýýýýýýýýý, ýýýýýýýýýýýý, ýýýýýýýýýý, ýýýýýýýýýý.ýýýý, hani, man, child, road, urban, female, face",Gaza,ztg_abna_alwatn-139653,https://orionprodrawdata.blob.core.windows.net/soi-from-s3/2023/10/23/7859210e-71f4-11ee-b7e7-b753a2ce9982/intel360_hash_.mp4
Saknat az Zarqa,02bf2789-7394-11ee-8e48-252b491757f7,"Oct 26, 2023 @ 03:11:35","becauseswar1, ï¿½ï¿½ï¿½ï¿½, ï¿½ï¿½ï¿½ï¿½, ï¿½ï¿½ï¿½ï¿½ï¿½ï¿½ï¿½ï¿½ï¿½ï¿½ ï¿½ï¿½, ï¿½ï¿½ï¿½ï¿½ï¿½ï¿½, ï¿½ï¿½ï¿½ï¿½ï¿½ï¿½ï¿½ï¿½ï¿½ï¿½ï¿½ï¿½ï¿½ï¿½, ï¿½ï¿½, ï¿½ï¿½, ï¿½ï¿½ï¿½ï¿½ï¿½ï¿½ï¿½ï¿½ï¿½ï¿½ï¿½ï¿½, ï¿½ï¿½ï¿½ï¿½ï¿½ï¿½ï¿½ï¿½ï¿½ï¿½ï¿½ï¿½, ï",Gaza,-,https://orionprodrawdata.blob.core.windows.net/soi-from-s3/2023/10/26/02bf2789-7394-11ee-8e48-252b491757f7/intel360_hash_.mp4
Saknat az Zarqa,061ab670-71e4-11ee-a212-6f80c6af153b,"Oct 23, 2023 @ 23:48:05","ýýýý, ýýýýýýýýýýýý, ýýýý, ýýýýýý, ýýýýýýýý, abu, rezeq, ýýýýýýýý, ýýýýýýýýýý, ýýýýýýýýýý, ýýýýýýýý, ýýýýýýýýýýýý, zcq, ýýýýýýýýýýýý, ýýýýýýýýýý, adidas, ýýýýýýýýýý.ýýýý, hani, man, indoors, child, road, urban, female, face",Gaza,ztg_saifalqads-70227,https://orionprodrawdata.blob.core.windows.net/soi-from-s3/2023/10/23/061ab670-71e4-11ee-a212-6f80c6af153b/intel360_hash_.mp4
Old City,a7fb5105-71f7-11ee-b7e7-e1c695d96552,"Oct 24, 2023 @ 01:58:22","ýýýý, ýýýýýýýýýýýý, han, ýýýý, ýýýýýý, bani, ýýýýýýýý, abu, rezeq, ýýýýýýýý, ýýýýýýýýýý, ham, ýýýýýýýýýý, ýýýýýýýý, ýýýýýýýýýýýý, ýýýýýýýýýýýý, ýýýýýýýýýý, ýýýýýýýýýý.ýýýý, hani, man, child, road, urban, female, face",Gaza,ztg_tahrirpulse1-24834,https://orionprodrawdata.blob.core.windows.net/soi-from-s3/2023/10/23/a7fb5105-71f7-11ee-b7e7-e1c695d96552/intel360_hash_.mp4
Saknat az Zarqa,29085294-770f-11ee-b588-7921e7da9ddf,"Oct 30, 2023 @ 12:32:22","ýýýýýýýýýý, ýýýýýýýý, ýýýýýýýýýý, vingin, dingino, !, ýýýýýýýýýýýýýýýý, ýýýýýýýýýý, no, plate, de, i, play, ýýýýýýýý, ýýýýýýýýýý, ýýýýýýýýýýýýýý !, 20, tea, ýýýýýý, ýýýý, fashion, ýýýýýýýýýý, player, adidas, team, vingino, man, indoors, child, road, urban, smoke, female, weapon, face, real, People",Gaza,-,https://orionprodrawdata.blob.core.windows.net/soi-from-s3/2023/10/30/29085294-770f-11ee-b588-7921e7da9ddf/intel360_hash_.mp4
Old City,62a8f15f-71f1-11ee-b7e7-898cd72d7572,"Oct 24, 2023 @ 01:13:28","ýýýý, ýýýýýýýýýýýý, ýýýý, ýýýýýý, ýýýýýýýý, hand, abu, zeq, rezeq, ýýýýýýýý, ýýýýýýýýýý, ýýýýýýýýýý, ýýýýýýýý, ýýýýýýýýýýýý, an, bo, ýýýýýýýýýýýý, ýýýýýýýýýý, 3, ýýýýýýýýýý.ýýýý, hani, man, child, road, urban, female, face",Gaza,ztg_farouq_salameh-16846,https://orionprodrawdata.blob.core.windows.net/soi-from-s3/2023/10/23/62a8f15f-71f1-11ee-b7e7-898cd72d7572/intel360_hash_.mp4
Old City,cbdbce16-71ea-11ee-b7e7-9164e15531ec,"Oct 24, 2023 @ 00:26:19","ýýýý, ýýýýýýýýýýýý, han, ýýýý, ýýýýýý, bani, ýýýýýýýý, abu, f, rezeq, ýýýýýýýý, ýýýýýýýýýý, adi, ýýýýýýýýýý, ýýýýýýýý, ýýýýýýýý, ýýýýýýýýýýýý, ýýýýýýýýýýýý, ýýýýýýýýýý, ýýýýýýýýýý.ýýýý, hani, man, child, road, urban, female, face",Gaza,ztg_palpostn-230620,https://orionprodrawdata.blob.core.windows.net/soi-from-s3/2023/10/23/cbdbce16-71ea-11ee-b7e7-9164e15531ec/intel360_hash_.mp4
Old City,e332c076-7386-11ee-8e48-37413fd2d26b,"Oct 26, 2023 @ 01:36:29","nce, dalal, ï¿½ï¿½ï¿½ï¿½, mall, abo, i, i, abu, -, ï¿½ï¿½ï¿½ï¿½ï¿½ï¿½, nike, coffee, p.r.c.s, ï¿½ï¿½ï¿½ï¿½ï¿½ï¿½ï¿½ï¿½ï¿½ï¿½ï¿½ï¿½ï¿½ï¿½, mug, (, adida, $, muga, adidas, man, indoors, child, road, urban, smoke,",Gaza,-,https://orionprodrawdata.blob.core.windows.net/soi-from-s3/2023/10/25/e332c076-7386-11ee-8e48-37413fd2d26b/intel360_hash_.mp4
Old City,3fdab98e-71f1-11ee-b7e7-e30dde132037,"Oct 24, 2023 @ 01:22:46","ýýýý, ýýýýýýýýýýýý, han, ýýýý, ýýýýýý, bani, hani_abu, ýýýýýýýý, abu, rezeq, ýýýýýýýý, ýýýýýýýýýý, adi, ýýýýýýýýýý, ýýýýýýýý, ýýýýýýýý, ýýýýýýýýýýýý, ýýýýýýýýýýýý, ýýýýýýýýýý, ýýýýýýýýýý.ýýýý, hani, man, child, road, urban, smoke, female, face",Gaza,ztg_jamilalamouri-68367,https://orionprodrawdata.blob.core.windows.net/soi-from-s3/2023/10/23/3fdab98e-71f1-11ee-b7e7-e30dde132037/intel360_hash_.mp4
Old City,ed4394cc-7393-11ee-8e48-035b291cb68e,"Oct 26, 2023 @ 03:10:37","ýýýý, ýýýýýý, ýýýý, ýýýýýýýýýý, ýýýýýýýýýý, ýýýýýýýýýý ýý, ýýýýýýýýýý, ýýýýýýýýýýýýýý, ýýýýýýýýýý, ýý, ýýýýýýýýýýýý, ýýýýýýýý, ýýýýýý, ýýýýýýýýýýýý, ýýýý, ýýýýýýýýýý, ýýýýýýýýýý, ýýýýýýýýýý, ýýýýýý, ýýýýýýýýýý, ýýýýýýýýýýýýýý, s, man, indoors, road, smoke, female, weapon, face",Gaza,-,https://orionprodrawdata.blob.core.windows.net/soi-from-s3/2023/10/26/ed4394cc-7393-11ee-8e48-035b291cb68e/intel360_hash_.mp4
Old City,3db9ae4b-71f1-11ee-b7e7-2f70cf0336c1,"Oct 24, 2023 @ 01:12:28","ýýýý, ýýýýýýýýýýýý, ýýýý, ýýýýýý, bani, ýýýýýýýýýýýý, abu, rezeq, ýýýýýýýý, ýýýýýýýýýý, ain, ýýýýýýýýýý, ýýýýýýýý, ýýýýýýýýýýýý, ýýýýýýýýýýýý, ýýýýýýýýýý, 3, ýýýýýýýýýý.ýýýý, hani, ýýýýýýýýýý, the, man, indoors, child, road, urban, female, face",Gaza,ztg_nabuls_news-122674,https://orionprodrawdata.blob.core.windows.net/soi-from-s3/2023/10/23/3db9ae4b-71f1-11ee-b7e7-2f70cf0336c1/intel360_hash_.mp4
Old City,94d483ba-71f7-11ee-b7e7-cd9337261e9c,"Oct 24, 2023 @ 01:57:50","3%, ï¿½ï¿½ï¿½ï¿½, ï¿½ï¿½ï¿½ï¿½ï¿½ï¿½ï¿½ï¿½ï¿½ï¿½ï¿½ï¿½, ï¿½ï¿½ï¿½ï¿½, ï¿½ï¿½ï¿½ï¿½ï¿½ï¿½, ï¿½ï¿½ï¿½ï¿½ï¿½ï¿½ï¿½ï¿½, abu, rezeq, ï¿½ï¿½ï¿½ï¿½ï¿½ï¿½ï¿½ï¿½, ï¿½ï¿½ï¿½ï¿½ï¿½ï¿½ï¿½ï¿½ï¿½ï¿½, i, ï¿½ï¿½ï¿½ï¿½ï¿½ï¿½ï¿½ï¿½ï¿½ï¿½, ï¿½ï¿½ï¿",Gaza,ztg_abna_alwatn-139653,https://orionprodrawdata.blob.core.windows.net/soi-from-s3/2023/10/23/94d483ba-71f7-11ee-b7e7-cd9337261e9c/intel360_hash_.mp4
Saknat az Zarqa,8640794f-7669-11ee-8e48-ff2ed9536077,"Oct 29, 2023 @ 16:58:59","ýýýý ýýýýýýýý, ýýýýýýýýýý, ýýýýýýýýýý, ýýýýýýýý, ýýýýýýýýýý, ýýýýýýýýýý, ýýýýýýýýýý, ýýýýýýýýýý, ýýýýýýýýýýýý, ýýýýýýýýýý, gun, man, handgun, road, urban, smoke, military, weapon, face, real, outdoors, adult, taking cover, firearm, person, night",Gaza,-,https://orionprodrawdata.blob.core.windows.net/soi-from-s3/2023/10/29/8640794f-7669-11ee-8e48-ff2ed9536077/intel360_hash_.mp4
Saknat az Zarqa,904532ed-750e-11ee-8e48-e330cf970bb8,"Oct 28, 2023 @ 00:45:25","ýýýýýýýýýý, ýýýýýýýýýýýý, ýýýý, ýýýýýýýý, outdoors, man, adult, crowd, baby, urban, person, smoke, female, face, replay, la, ýýýýýýýýýýýýýý, lay, ýýýýýýýý, pierre, -, ýýýýýýýýýýýý, re, road, ay, indoors","Gaza, Jenin",-,https://orionprodrawdata.blob.core.windows.net/soi-from-s3/2023/10/27/904532ed-750e-11ee-8e48-e330cf970bb8/intel360_hash_.mp4
"Saknat az Zarqa, Saknat az Zarqa",48972384-72ac-11ee-b412-8f7d86881387,"Oct 25, 2023 @ 17:33:34","ýýýýýýýýýýýý, ýýýýýýýýýýýýýýýýýý, ýýýý, ýýýýýýýý, ýýýýýý, ýýýýýýýýýýýýýýýý, ýýýýýýýýýýýý, ýýýýýýýýýýýý, ýýýýýýýý, ýýýýýýýýýýýýýýýý, 4-5, 13, ýýýýýýýýýýýýýýýý, ýýýýýýýýýýýýýý, ýýýýýýýýýýýýýý, 2023, ýýýýýýýýýýýýýý, 17, ýýýýýýýý, ýýýýýýýýýý, ýýýýýýýýýýýýýýýý471, ýýýýýýýýýýýýýý, ýýýýýýýýýýýý, alforgan_net, ýýýýýýýýýýýýýý, ýýýýýý, ýýýýýýýýýýýý, road, urban","Gaza, Gaza",-,https://orionprodrawdata.blob.core.windows.net/soi-from-s3/2023/10/24/48972384-72ac-11ee-b412-8f7d86881387/intel360_hash_5b2004e8b36b0320ee6ac1c8984dee144464b02513fca3a10466a87042c65e3a.jpg
Old City,0bb62b3d-73ef-11ee-8e48-3175ae95bc4d,"Oct 26, 2023 @ 14:02:25","ýýýýýýýýýýýý, kii, m.z.gaza, monammedbuhaisi, m.z., mohammedbuhaisi, mohammedbuhais, f, mohamme, ýýýýýýýýýýýýýý, ýýýýýýýýýýýýýý, aja.pal, ýýýýýýýýýýýýýý, ýýýýýýýýýýýýýý, 5, ýýýýýýýý, ýýýýýýýýýý, 03, m.2, ýýýýýýýýýý, ýýýýýýýýýýýý, -, m.z.ga, mohammedb, ýýýýýýýýýý, mohammedbunaisi, 0, kh, mohammedbuha, ýýýýýýýýýýýýýý, mohammedbuhaisij, ýýýýýýýýýý, mms, ýýýý, anos, ýýýýýýýýýý, ambul, aja_palestine, monamm, ýýýýýýýýýýýýýý, 8581408, m.2.gaza, ýýýýýý, mahammedbuhaisi, gun, man, indoors, child, road, urban, smoke, female, weapon, face, real",Gaza,-,https://orionprodrawdata.blob.core.windows.net/soi-from-s3/2023/10/26/0bb62b3d-73ef-11ee-8e48-3175ae95bc4d/intel360_hash_.mp4
Saknat az Zarqa,04a88a2e-757d-11ee-8e48-f3b5ccfa442f,"Oct 28, 2023 @ 14:39:37","ýýýý, ýýýýýýýý, ýý, 4, shehab, playstation, pl, -, 40a, plays, p, ýýýýýýýýýý, ýýýýýýýý, ýýýýýýýýýýýý, younis, ýýýýýýýýýý, press, ýýýýýýýý, ýýýýýýýý, ris, d, man, indoors, child, road, urban, female, weapon, face, the, play, seless, ew, gun",Gaza,-,https://orionprodrawdata.blob.core.windows.net/soi-from-s3/2023/10/28/04a88a2e-757d-11ee-8e48-f3b5ccfa442f/intel360_hash_.mp4
Old City,c192ba23-7733-11ee-b588-e1affbd00951,"Oct 30, 2023 @ 16:53:05","9, ï¿½ï¿½ï¿½ï¿½ï¿½ï¿½ï¿½ï¿½ï¿½ï¿½, ï¿½ï¿½ï¿½ï¿½ï¿½ï¿½ï¿½ï¿½, 004, f, ï¿½ï¿½ï¿½ï¿½ï¿½ï¿½ï¿½ï¿½ï¿½ï¿½, ï¿½ï¿½ ï¿½ï¿½ï¿½ï¿½ï¿½ï¿½ï¿½ï¿½ï¿½ï¿½, ï¿½ï¿½ï¿½ï¿½ï¿½ï¿½ï¿½ï¿½ï¿½ï¿½ï¿½ï¿½ï¿½ï¿½, ï¿½ï¿½ï¿½ï¿½ï¿½ï¿½, tls, palpostn, ï¿½ï¿½ï¿½ï¿½ï¿½ï¿½ï¿½ï¿½ï¿½ï¿½ï¿½ï¿½, ï¿½ï¿½ï¿½ï¿½ï¿½ï¿½ï¿½ï¿½ï¿½ï¿½, ï¿½ï¿½ï¿½ï¿½ï¿½",Gaza,-,https://orionprodrawdata.blob.core.windows.net/soi-from-s3/2023/10/30/c192ba23-7733-11ee-b588-e1affbd00951/intel360_hash_.mp4
Saknat az Zarqa,c538c02d-71f9-11ee-b7e7-bd11c6670341,"Oct 25, 2023 @ 17:33:10","ýýýý, ýýýýýýýýýýýý, han, ýýýý, ýýýýýý, hani_abu, ýýýýýýýý, abu, rezeq, ýýýýýýýý, ýýýýýýýýýý, ýýýýýýýýýýýý, abe, ýýýýýýýýýý, ýýýýýýýý, ýýýýýýýýýýýý, ýýýýýýýýýýýý, ýýýýýýýýýý, 3, adidas, ýýýýýýýýýý.ýýýý, hani, man, child, road, urban, female, face, bani, ýýýýýýýý, an, bo, smoke, -",Gaza,ztg_hamas-15684,https://orionprodrawdata.blob.core.windows.net/soi-from-s3/2023/10/23/c538c02d-71f9-11ee-b7e7-bd11c6670341/intel360_hash_.mp4
Saknat az Zarqa,3a003927-76c2-11ee-b588-5bb1fcd6561f,"Oct 30, 2023 @ 03:20:18","ýýýýýý, ýýýýýýýý, ýýýý, ýýýýýýýýýýýý, ýýýý, 540, ýýýýýýýýýýýýýýýý, ýýýýýýýýýýýý, &, 772, sa, ýýýýýýýýýýýý, m, vr, jcb, ýýýýýýýýýý, ýýýýýýýý, ýýýýýýýý, ýýýýýýýýýýýýýý, ýýýýýýýý, ýýýýýýýýýýýý, sal, ýýýýýýýýýýýý, gun, man, road, female, bulldozer, aircraft, pollution, weapon, real, destroyed, Vehicles",Gaza,-,https://orionprodrawdata.blob.core.windows.net/soi-from-s3/2023/10/30/3a003927-76c2-11ee-b588-5bb1fcd6561f/intel360_hash_.mp4
Saknat az Zarqa,ae85cbe4-7425-11ee-8e48-bf788dfada13,"Oct 26, 2023 @ 20:33:33","ýý, ýýýýýýýýýýýýýý, ýýýýýýýýýýýý, ýýýýýýýýýýýýýý, ýýýýýýýýýý, ýýýýýýýýýýýýýý, et, i, ýýýýýýýý, -, www.mmk.ye, v, ýýýýýýýý, ýýýýýýýýýýýý, .., ýýýýýýýýýý, ýýýýýýýý, ýýýýýýýý, production, 29, www.mmy.ye, 3, 29a, tank, man, road, urban, cityscape, armored, smoke, female, bulldozer, military, pollution, weapon, face, real, destroyed",Gaza,-,https://orionprodrawdata.blob.core.windows.net/soi-from-s3/2023/10/26/ae85cbe4-7425-11ee-8e48-bf788dfada13/intel360_hash_.mp4
Saknat az Zarqa,c861af51-73af-11ee-8e48-9dc163229f11,"Oct 26, 2023 @ 06:31:30","ýýýýýýýýýýýýýýýýýýýý, ýýýýýýýý, outdoors, man, adult, sky, war, vehicle, child, rubble, transportation, baby, helicopter, urban, person, fire, smoke, female, aircraft, flare, weapon, face, real, destroyed, ýýýýýýýýýýýýýý, ýýýýýýýý, sime, ýýýýýýýýýýýýýýýýýýýý, simb, ýýýýýýýýýýýý, post apocalyptic, road, bulldozer, si, sin, ýýýýýýýýýýýýýýýýýýýý, ýýýýýýýý",Gaza,-,https://orionprodrawdata.blob.core.windows.net/soi-from-s3/2023/10/26/c861af51-73af-11ee-8e48-9dc163229f11/intel360_hash_.mp4
Saknat az Zarqa,e66427a1-7687-11ee-8e48-8950f048714a,"Oct 29, 2023 @ 20:22:02","vingins, fam, ï¿½ï¿½ï¿½ï¿½ï¿½ï¿½ï¿½ï¿½ï¿½ï¿½, ving, ï¿½ï¿½ï¿½ï¿½ï¿½ï¿½ï¿½ï¿½ï¿½ï¿½ï¿½ï¿½, 2023-10-29, ï¿½ï¿½ï¿½ï¿½ï¿½ï¿½ï¿½ï¿½, vino, ï¿½ï¿½ï¿½ï¿½ï¿½ï¿½ï¿½ï¿½ï¿½ï¿½ï¿½ï¿½ï¿½ï¿½, ï¿½ï¿½ï¿½ï¿½ï¿½ï¿½ï¿½ï¿½ï¿½ï¿½, ï¿½ï¿½ï¿½ï¿½ï¿½ï¿½ï¿½ï¿½ï¿½ï¿½ï¿½ï¿½, ï¿½ï¿½ï¿½ï¿½ï¿½ï¿½ï¿½ï¿½ï¿½ï¿½ï¿½ï¿½, !, ingino, ï¿½ï¿½ï¿½ï¿½ï¿½ï¿½ï¿½ï¿½ï¿½ï¿½ï¿½ï¿½ï¿½ï¿½, ï¿½ï¿½ï¿½ï¿½ï¿½ï¿½ï¿½ï¿½ï¿½ï¿½ï¿½ï¿½ï¿½ï¿½ï¿½ï¿½, m, no, i, play, ï¿½ï¿½ï¿½ï¿½ï¿",Gaza,-,https://orionprodrawdata.blob.core.windows.net/soi-from-s3/2023/10/29/e66427a1-7687-11ee-8e48-8950f048714a/intel360_hash_.mp4
Saknat az Zarqa,fc3c96e0-7393-11ee-8e48-5777f0f3ded4,"Oct 26, 2023 @ 03:14:04","ýýýýýýýý, e, ýýýýýý, j_tedeschi, our, ýýýýýýýýýýýý, ýýýýýý, ýýýýýýýý, ýýýýýý, che, ýý, ýýýýýý, ýýýý, ýýýýýýýýýýýý, concetto, ýýýý, abbiamo, ýýýýýýýýýýýýýýýý, con, qui, ýýýýýýýý, ýýýýýýýýýýýý, ýýýýýýýýýý, ýýýýýý, t, ýýýýýýýý, nno, ýýýý, ýýýýýýýýýýýýýýýý, hamas, ýýýýýý, ýýýýýýýý, facendo, ýýýýýýýý, vi, ýýýýýýýýýýýý, ýýýýýýýý, palestinesi, di, ucraina, ýýýý, s fatto, ýýýýýýýýýýýýýýýýýýýý, ýýýý, mas, dire, questo?!, l'attacco, ýýýýýýýýýýýýýý, ýýýýýýýýýýýý, ha, ýýýýýýýýýý.ýýýýýý, ýýýýýý, ýý, chiaramente, vuol, ýýýý, loro, ýýýýýýýý, ýýýýýýýý, questione, ýýýýýýýýýýýý, ýýýýýýýýýýýý:, ýýýýýýýý!!, ebrei, ýýýýýýýý, ýýýýýýýýýýýý, ýýýýýýýýýýýý, ýýýýýýýýýýýýýýýýýý, ýýýýýýýýýýýýýýýýýýýýýý, ag, ospitato, ýýýýýýýýýýýýýýýý, ýýýýýýýýýýýý, ýýýýýýýý, ýýýýýýýýýý, ýýýýýýýýýýýýýýýýýý, you, aspetti, un, ýýýýýý, bene, adesso, don, suo, ýýýýýýýý, l'ucraina, hope, ýýýýýý, ýýýýýýýýýý, elhusseini, ýýýýýýýý, sta, ýýýý, giusto, italiani, ýýýýýýýýýýýý, mahmoud, no?, gli, destroy, ýýýý, cosa, ýýýýýýýýýýýýýýýýýý, noi, no, cosýý, ýýýýýýýýýýýýýýýýýý, pensa, ýýýý, ýý, ýýýýýýýý, hamas?, s, ýýýýýýýýýýýýýýýýýýýý, ýýýýýýýýýý, ýýýýýýýý, ýýýýýýýýýýýýýý, ýý, oppure, man, road, urban, female, face",Gaza,-,https://orionprodrawdata.blob.core.windows.net/soi-from-s3/2023/10/26/fc3c96e0-7393-11ee-8e48-5777f0f3ded4/intel360_hash_.mp4
Saknat az Zarqa,3808dc9c-769a-11ee-aa10-77b7daafa4ca,"Oct 29, 2023 @ 22:32:07","breaks, e, down, defense, ï¿½ï¿½ï¿½ï¿½, shehab, ï¿½ï¿½ï¿½ï¿½ï¿½ï¿½ï¿½ï¿½, civil, a, a, rescuing, tears, ï¿½ï¿½ï¿½ï¿½ï¿½ï¿½, ï¿½ï¿½ï¿½ï¿½ï¿½ï¿½, ï¿½ï¿½ï¿½ï¿½ï¿½ï¿½, ï¿½ï¿½ï¿½ï¿½ï¿½ï¿½ï¿½ï¿½, yaunis, child, 6, @wissamgaza, ï¿½ï¿½ï¿½ï¿½ï¿½ï¿½ï¿½ï¿½ï¿½ï¿½, after, hero, from, team, ï¿½ï¿½ï¿½ï¿½ï¿½ï¿½ï¿½ï¿½ï¿½ï¿½ï¿½ï¿½, ï¿½ï¿½ï¿½ï¿½ï¿½ï¿½ï¿½ï¿½ï¿½ï¿½, ï¿½ï¿½ï¿½ï¿½ï¿½ï¿½ï¿½ï¿½ï¿½ï¿½ï¿½ï¿½, rubble., ï¿½",Gaza,-,https://orionprodrawdata.blob.core.windows.net/soi-from-s3/2023/10/29/3808dc9c-769a-11ee-aa10-77b7daafa4ca/intel360_hash_.mp4
Saknat az Zarqa,34bbd7ee-7369-11ee-8e48-891a189da7ef,"Oct 25, 2023 @ 22:28:19","golden, =10, ï¿½ï¿½ï¿½ï¿½ï¿½ï¿½ï¿½ï¿½ï¿½ï¿½, ï¿½ï¿½ï¿½ï¿½ï¿½ï¿½ï¿½ï¿½ï¿½ï¿½, m.a.i., area, ï¿½ï¿½ï¿½ï¿½ï¿½ï¿½ï¿½ï¿½ï¿½ï¿½ï¿½ï¿½ï¿½ï¿½ï¿½ï¿½, ï¿½ï¿½ï¿½ï¿½ï¿½ï¿½, ï¿½ï¿½ï¿½ï¿½ï¿½ï¿½ï¿½ï¿½ï¿½ï¿½ï¿½ï¿½, ï¿½ï¿½ï¿½ï¿½ï¿½ï¿½ï¿½ï¿½, m.a.u., no, -, ng, ï¿½ï¿½ï¿½ï¿½ï¿½ï¿½ï¿½ï¿½ï¿½ï¿½ï¿½ï¿½, ï¿½ï¿½ï¿½ï¿½ï¿½ï¿½ï¿½ï¿½ï¿½ï¿½, ï¿½ï¿½ï¿½ï¿½ï¿½ï¿½ï¿½ï¿½ï¿½ï¿½, ï¿½ï¿½ï¿½ï¿½ï¿½ï¿½, please, cat, ï¿½ï¿½ï¿½ï¿½ï¿½ï¿½ï¿½ï¿½ï¿½ï¿½, ï¿½ï¿½ï¿½ï¿½ï¿½ï¿½, man, indoors",Gaza,-,https://orionprodrawdata.blob.core.windows.net/soi-from-s3/2023/10/25/34bbd7ee-7369-11ee-8e48-891a189da7ef/intel360_hash_.mp4
Saknat az Zarqa,a75ccfe6-73b0-11ee-8e48-e9c18d45c3d7,"Oct 26, 2023 @ 06:37:43","for, in, have, are, is, are, 01:52:23, in, targeting, whole, safe, human, us, 24, a, safe, ï¿½ï¿½ï¿½ï¿½ï¿½ï¿½ï¿½ï¿½ï¿½ï¿½ï¿½ï¿½, to, water, internet, there, strip, been, gaza, international, house, right?, neighbourhoods, not, what's, laws?, servi, first, place, happening, where, ï¿½ï¿½ï¿½ï¿½ï¿½ï¿½, electricity, destroyed, see, estine, no, day, and, living, the, gun, man, post apocalyptic, road, rubble, urban, f",Gaza,-,https://orionprodrawdata.blob.core.windows.net/soi-from-s3/2023/10/26/a75ccfe6-73b0-11ee-8e48-e9c18d45c3d7/intel360_hash_.mp4
Saknat az Zarqa,73d4d3c1-7676-11ee-8e48-ff70eaea3a7f,"Oct 29, 2023 @ 18:17:08","e, ï¿½ï¿½ï¿½ï¿½ï¿½ï¿½ï¿½ï¿½, yasamin, ï¿½ï¿½ï¿½ï¿½ï¿½ï¿½ï¿½ï¿½ï¿½ï¿½ï¿½ï¿½ï¿½ï¿½ï¿½ï¿½, ï¿½ï¿½ï¿½ï¿½ï¿½ï¿½ï¿½ï¿½ï¿½ï¿½, e, ï¿½ï¿½ï¿½ï¿½ï¿½ï¿½ï¿½ï¿½ï¿½ï¿½ï¿½ï¿½ï¿½ï¿½, ï¿½ï¿½ï¿½ï¿½ï¿½ï¿½ï¿½ï¿½ï¿½ï¿½, contemporary, please, x, for, ï¿½ï¿½ï¿½ï¿½ï¿½ï¿½ï¿½ï¿½ï¿½ï¿½ï¿½ï¿½, ï¿½ï¿½ï¿½ï¿½ï¿½ï¿½ï¿½ï¿½ï¿½ï¿½ï¿½ï¿½, ï¿½ï¿½ï¿½ï¿½ï¿½ï¿½ï¿½ï¿½ï¿½ï¿½, ï¿½ï¿½ï¿½ï¿½ï¿½ï¿½, ï¿½ï¿½ï¿½ï¿½ï¿½ï¿½ï¿½ï¿½ï¿½ï¿½ï¿½ï¿½ï¿½ï¿½ï¿½ï¿½, with, road, ï¿½ï¿½ï¿½ï¿½ï¿½ï¿½, take, ent, @therealoladiab, people, ï¿½ï¿½ï¿½ï¿½ï¿½ï¿½ï¿½ï¿½, ï¿½ï¿½ï¿½ï¿½ï¿½ï¿½ï¿½ï¿½ï¿½ï¿½., ï¿½ï¿½ï¿½ï¿½, city, spread, ï¿½ï¿½ï¿½ï¿½ï¿½ï¿½ï¿½ï¿½ï¿½ï¿½ï¿½ï¿½, spice, lives, in, ï¿½ï¿½ï¿½ï¿½ï¿½ï¿½ï¿½ï¿½, ï¿½ï¿½ï¿½ï¿½, your, ï¿½ï¿½ï¿½ï¿½ï¿½ï¿½ï¿½ï¿½ï¿½ï¿½ï¿½ï¿½ï¿½ï¿½, are, ho, ï¿½ï¿½ï¿½ï¿½ï¿½ï¿½ï¿½ï¿½, ï¿½ï¿½ï¿½ï¿½ï¿½ï¿½, ****, fin, ient, hard, ï¿½ï¿½ï¿½ï¿½ï¿½ï¿½ï¿½ï¿½ï¿½ï¿½ï¿½ï¿½, war, ï¿½ï¿½ï¿½ï¿½ï¿½ï¿½ï¿½ï¿½ï¿½ï¿½, than, ï¿½ï¿½ï¿½ï¿½ï¿½ï¿½ï¿½ï¿½ï¿½ï¿½ï¿½ï¿½ï¿½ï¿½ï¿½ï¿½ï¿½ï¿½, ï¿½ï¿½ï¿½ï¿½ï¿½ï¿½ï¿½ï¿½ï¿½ï¿½ï¿½ï¿½, ï¿½ï¿½ï¿½ï¿½ï¿½ï¿½ï¿½ï¿½ï¿½ï¿½ï¿½ï¿½, ï¿½ï¿½ï¿½ï¿½ï¿½ï¿½, ï¿½ýýýýýýýý, ýýýýýýýýýý, forever., translation, ýýýý, ýýýýýýýýýýýýýý, ýýýý, they, ýýýýýýýýýýýýýýýý, iab, ýýýýýýýýýýýýýý, i, i, until, ýýýýýýýýýý, qur, that, out, 2023, llings, kaiketi, to, ýýýýýýýý., ýýýý, yassmin, "", ï¿½ï¿½ï¿½ï¿½ï¿½ï¿½, n""ýýýýýý, know, radiant, ýýýýýýýýýý, 44m, ,, ýýýýýý, believe, ýýýýýýýýýýýýýý, ýýýýýýýýýýýýýý, ýýýýýý, been, the, go, ýýýýýýýýýýýýýý, ýýýýýýýýýýýýýý, on, alkhale, ýýýýýýýý, ýýýýýý, ýýýýýýýý, abdel-magied, g, capital, ba, who, ýýýý, b, quickly, ýýýý, ýýýýýýýýýýýýýýýý, forever, ýýýýýýýýýýýýýýýýýý, ýýýýýý"", ï¿½ï¿½ï¿½ï¿½ï¿½ï¿½ï¿½ï¿½ï¿½ï¿½ï¿½ï¿½ï¿½ï¿½, by, then, he, mexican, ï¿½ï¿½ï¿½ï¿½ï¿½ï¿½ï¿½ï¿½ï¿½ï¿½ï¿½ï¿½, ï¿½ï¿½ï¿½ï¿½ï¿½ï¿½ï¿½ï¿½, ago, should, ï¿½ï¿½ï¿½ï¿½ï¿½ï¿½ï¿½ï¿½, sound, curse, d., not, ï¿½ï¿½ï¿½ï¿½ï¿½ï¿½ï¿½ï¿½, allï¿½ï¿½h, wealth, 0, woke, coasing, ï¿½ï¿½ï¿½ï¿½ï¿½ï¿½, ï¿½ï¿½ï¿½ï¿½ï¿½ï¿½ï¿½ï¿½ï¿½ï¿½, ali, ï¿½ï¿½ï¿½ï¿½ï¿½ï¿½ï¿½ï¿½, houses, ï¿½ï¿½ï¿½ï¿½ï¿½ï¿½ï¿½ï¿½, flag, both, believe!, ent)., ï¿½ï¿½ï¿½ï¿½ï¿½ï¿""ýýýýýýýýýýýýýý"", drum, indred,, ï¿½ï¿½ï¿½ï¿½ï¿½ï¿½ï¿½ï¿½ï¿½ï¿½, sudan, ï¿½ï¿½ï¿½ï¿½ï¿½ï¿½ï¿½ï¿½ï¿½ï¿½ï¿½ï¿½, between, :, dred,, ï¿½ï¿½ï¿½ï¿½ï¿½ï¿½ï¿½ï¿½ï¿½ï¿½ï¿½ï¿½ï¿½ï¿½, ï¿½ï¿½ï¿½ï¿½ï¿½ï¿½ï¿½ï¿½ï¿½ï¿½ï¿½ï¿½, ï¿½ï¿½ï¿½ï¿½, ï¿½ï¿½ï¿½ï¿½ï¿½ï¿½ï¿½ï¿½, quick, ï¿½ï¿½ï¿½ï¿½ï¿½ï¿½ï¿½ï¿½ï¿½ï¿½ï¿½ï¿½ï¿½ï¿½ï¿½ï¿½, ï¿½ï¿½ï¿½ï¿½ï¿½ï¿½ï¿½ï¿½ï¿½ï¿½ï¿½ï¿½, ï¿½ï¿½ï¿½ï¿½ï¿½ï¿½ï¿½ï¿½ï¿½ï¿½ï¿½ï¿½, 3, difference, ï¿½ï¿½ï¿½ï¿½ï¿½ï¿½ï¿½ï¿½ï¿½ï¿½ï¿½ï¿½, fathers, ï¿½ï¿½ï¿½ï¿½ï¿½ï¿½ï¿½ï¿½, her, does, ï¿½ï¿½ï¿½ï¿½ï¿½ï¿½ï¿½ï¿½ï¿½ï¿½ï¿½ï¿½, summary, ï¿½",Gaza,-,https://orionprodrawdata.blob.core.windows.net/soi-from-s3/2023/10/29/73d4d3c1-7676-11ee-8e48-ff70eaea3a7f/intel360_hash_.mp4
Saknat az Zarqa,2dcc9bb7-73b6-11ee-8e48-f5a0f0c16ff0,"Oct 26, 2023 @ 07:16:41","for, world?, in, have, are, is, 01:52:23, in, lestine, targeting, whole, safe, oliv, human, us, 24, a, a, safe, ï¿½ï¿½ï¿½ï¿½ï¿½ï¿½ï¿½ï¿½ï¿½ï¿½ï¿½ï¿½, to, water, internet, there, countries, strip, been, gaza, international, house, right?, neighbourhoods, what's, laws?, servi, first, ï¿½ï¿½ï¿½ï¿½, place, happening, where, ï¿½ï¿½ï¿½ï¿½ï¿½ï¿½, electricity, destroyed, see, no, day, im, of, and, living, the, man, post apocalyptic, road, rubble, ",Gaza,-,https://orionprodrawdata.blob.core.windows.net/soi-from-s3/2023/10/26/2dcc9bb7-73b6-11ee-8e48-f5a0f0c16ff0/intel360_hash_.mp4
Saknat az Zarqa,be118d4d-73b5-11ee-8e48-1fe4f5269fb7,"Oct 26, 2023 @ 07:12:28","for, world?, in, have, are, is, 01:52:23, in, targeting, whole, safe, human, us, 24, a, alestine, safe, ï¿½ï¿½ï¿½ï¿½ï¿½ï¿½ï¿½ï¿½ï¿½ï¿½ï¿½ï¿½, to, water, internet, there, countries, strip, been, gaza, international, house, right?, neighbourhoods, what's, laws?, servi, first, place, happening, where, ï¿½ï¿½ï¿½ï¿½ï¿½ï¿½, tawa, electricity, destroyed, see, no, day, im, of, and, living, the, gun, man, post apocalyptic, handgun, child, road, rubble, urban, female, bull",Gaza,-,https://orionprodrawdata.blob.core.windows.net/soi-from-s3/2023/10/26/be118d4d-73b5-11ee-8e48-1fe4f5269fb7/intel360_hash_.mp4
Old City,2097fa2f-73c0-11ee-8e48-1b968fe8cfec,"Oct 26, 2023 @ 08:36:38","for, world?, in, have, are, is, 01:52:23, in, targeting, whole, safe, human, us, 24, a, safe, to, water, internet, there, countries, strip, been, gaza, international, house, right?, neighbourhoods, what's, laws?, servi, first, place, happening, where, electricity, destroyed, see, no, day, of, and, living, the, gun, outdoors, man, adult, post apocalyptic, war, vehicle, rubble, transportation, urban, person, smoke, female, weapon, face, real, destroyed, lestine, ï¿½ï¿½ï¿½ï¿½ï¿½ï¿½ï¿½ï¿½ï¿½ï¿½ï¿½ï¿½, rights, ï¿½ï¿½ï¿½ï¿½ï",Gaza,-,https://orionprodrawdata.blob.core.windows.net/soi-from-s3/2023/10/26/2097fa2f-73c0-11ee-8e48-1b968fe8cfec/intel360_hash_.mp4
Saknat az Zarqa,be0c44cd-74bd-11ee-8e48-cf212a5bfa7a,"Oct 27, 2023 @ 14:47:37","ýýýýýýýýýýýý, shamal, ýýýý, omline, 9, zakai, iarat, ary, ome, ýýýýýýýýýýýýýýýý, ýýýý, onl, zakat, feand, ýýýýýý, m, ýýýý, ýýýýýýýýýýýý, ferno, ýýýý, ress, ýýýýýýýýýýýý, zarat, ýýýýýýýýýý, online ýýýýýýýý, one, fonum, ýýýýýýýý, ýýýýýýýý, rei, ss, am, ýýýýýý, pres, ýýýýýýýýýýýýýý, press, la, ýý, ýýýýýýýý, ýýýýýý, ýýýýýýýýýýýýýý, oferno, ýýýýýýýý, z, ýýýý, gun, man, indoors, child, road, urban, female, weapon, face, real, from, ýýýýýýýýýý, ava, uni, ýýýýýýýýýý, ýýýý, -, ove, ýý, foz, love, shamae, forum, ýýýýýýýýýýýý, ýýýýýýýýýýýý, zar, ýýýýýýýý",Gaza,-,https://orionprodrawdata.blob.core.windows.net/soi-from-s3/2023/10/27/be0c44cd-74bd-11ee-8e48-cf212a5bfa7a/intel360_hash_.mp4
"Saknat az Zarqa, Bureij Refugee Camp",35dc1447-7590-11ee-8e48-1f5957b2e909,"Oct 28, 2023 @ 20:50:13","breaks, down, defense, ï¿½ï¿½ï¿½ï¿½, shehab, ï¿½ï¿½ï¿½ï¿½ï¿½ï¿½ï¿½ï¿½, civil, a, ï¿½ï¿½ï¿½ï¿½ï¿½ï¿½ï¿½ï¿½, a, rescuing, tears, ï¿½ï¿½ï¿½ï¿½ï¿½ï¿½ï¿½ï¿½ï¿½ï¿½ï¿½ï¿½, ï¿½ï¿½ï¿½ï¿½ï¿½ï¿½, ï¿½ï¿½ï¿½ï¿½ï¿½ï¿½, ï¿½ï¿½ï¿½ï¿½ï¿½ï¿½, ï¿½ï¿½ï¿½ï¿½ï¿½ï¿½ï¿½ï¿½, yaunis, child, ï¿½ï¿½ï¿½ï¿½ï¿½ï¿½ï¿½ï¿½ï¿½ï¿½, after, hero, from, team, ï¿½ï¿½ï¿½ï¿½ï¿½ï¿½ï¿½ï¿½ï¿½ï¿½ï¿½ï¿½, ï¿½ï¿½ï¿½ï¿½ï¿½ï¿½ï¿½ï¿½ï¿½ï¿½, ï¿½ï¿½ï¿½ï¿½, ï¿½ï¿½ï¿½ï¿½ï¿½ï¿½ï¿½ï¿½ï¿½ï¿½ï¿½ï¿½, rubble., ï¿½ï¿½ï¿½ï¿½ï¿½ï¿½ï¿½ï¿½ï¿½ï¿½ï¿½ï¿½, under, into, ï¿½ï¿½ï¿½ï¿½ï¿½ï¿½ï¿½ï¿½, younis, ï¿½ï¿½ï¿½ï¿½ï¿½ï¿½, ï¿½ï¿½ï¿½ï¿½ï¿½ï¿½ï","Gaza, Bureij",-,https://orionprodrawdata.blob.core.windows.net/soi-from-s3/2023/10/28/35dc1447-7590-11ee-8e48-1f5957b2e909/intel360_hash_.mp4
Saknat az Zarqa,67f0366c-7732-11ee-b588-3db9b6257b52,"Oct 30, 2023 @ 16:44:32","in, mayaulln, x, ï¿½ï¿½ï¿½ï¿½ï¿½ï¿½, th, ï¿½ï¿½ï¿½ï¿½ï¿½ï¿½ï¿½ï¿½ï¿½ï¿½ï¿½ï¿½, bat, ttle, ï¿½ï¿½ï¿½ï¿½ï¿½ï¿½, campaign, zo, solidarity, justi, square, mayadeen, ï¿½ï¿½ï¿½ï¿½ï¿½ï¿½ï¿½ï¿½ï¿½ï¿½ï¿½ï¿½ï¿½ï¿½ï¿½ï¿½, event, tle, free, the, baddest, free, mayaull, ï¿½ï¿½ï¿½ï¿½ï¿½ï¿½, battle, fo, &, f, hayaulln, pil, !, bad, ï¿½ï¿½ï¿½ï¿½ï¿½ï¿½ï¿½ï¿½ï¿½ï¿½ï¿½ï¿½ï¿½ï¿½, mayadlln, baddes, !..., foat, of, foa, dest, ), gaza, de, i, i, ï¿½ï¿½ï¿½ï¿½ï¿½ï¿½ï¿½ï¿½ï¿½ï¿½, ï¿½ï¿½ï¿½ï¿½, -, for, ï¿½ï¿½ï¿½ï¿½ï¿½ï¿½ï¿½ï¿½, g, saudi, fda, ï¿½ï¿½ï¿½ï¿½ï¿½ï¿½ï¿½ï¿½ï¿½ï¿½, ï¿½ï¿½ï¿½ï¿½ï¿½ï¿½ï¿½ï¿½ï¿½ï¿½ï¿½ï¿½, ba, by, ree, hayadesn, ï¿½ï¿½ï¿½ï¿½ï¿½ï¿½, ï¿½ï¿½ï¿½ï¿½ï¿½ï¿½ï¿½ï¿½ï¿½ï¿½ï¿½ï¿½ï¿½ï¿½, bayadeen, ",Gaza,-,https://orionprodrawdata.blob.core.windows.net/soi-from-s3/2023/10/30/67f0366c-7732-11ee-b588-3db9b6257b52/intel360_hash_.mp4
Old City,ecbdfbd7-75b8-11ee-8e48-3f0d575aaf3f,"Oct 28, 2023 @ 21:29:55","jus, golden queen, ï¿½ï¿½ï¿½ï¿½ï¿½ï¿½ï¿½ï¿½ï¿½ï¿½ï¿½ï¿½, ï¿½ï¿½ï¿½ï¿½ï¿½ï¿½, &, boss, cosmetics, 96, ï¿½ï¿½ï¿½ï¿½ï¿½ï¿½ï¿½ï¿½ï¿½ï¿½ï¿½ï¿½ï¿½ï¿½, beauty, ï¿½ï¿½ï¿½ï¿½ï¿½ï¿½, ï¿½ï¿½ï¿½ï¿½ï¿½ï¿½ï¿½ï¿½ï¿½ï¿½, life, ï¿½ï¿½ï¿½ï¿½ï¿½ï¿½ï¿½ï¿½ï¿½ï¿½, ï¿½ï¿½ï¿½ï¿½ï¿½ï¿½, one, man, adult, child, crowd, urban, person, female, face, hugo, -my, ï¿½ï¿½ï¿½ï¿½ï¿½ï¿½ï¿½ï¿½, porsche, a, ï¿½ï¿½, i, fa, -, ï¿½ï¿½ï¿½ï¿½, l, ï¿½ï¿½ï¿½ï¿½ï¿½ï¿½ï¿½ï¿½ï¿½ï¿½ï¿½ï¿½ï¿½ï¿½ï¿½ï¿½, aoss, ï¿½ï¿½ï¿½ï¿½ï¿½ï¿½ï¿½ï¿½ï¿½ï¿½ï¿½ï¿½ï¿½ï¿½, ï¿½ï¿½ï¿½ï¿½, ï¿½ï¿","Jenin, Gaza",-,https://orionprodrawdata.blob.core.windows.net/soi-from-s3/2023/10/28/ecbdfbd7-75b8-11ee-8e48-3f0d575aaf3f/intel360_hash_.mp4
Saknat az Zarqa,e1c777f0-707e-11ee-94e1-a35540a26498,"Oct 22, 2023 @ 18:01:13","e, ï¿½ï¿½ï¿½ï¿½ï¿½ï¿½ï¿½ï¿½ï¿½ï¿½ï¿½ï¿½ï¿½ï¿½ï¿½ï¿½, side, league, it's, tiens, le, pas, mass, x, @benzema, femmes, je, post, 12:27, enfants., war., excuse., spread, ï¿½ï¿½ï¿½ï¿½, off, ï¿½ï¿½ï¿½ï¿½ï¿½ï¿½ï¿½ï¿½, point, is, mon, ï¿½ï¿½, dans, ï¿½ï¿½ï¿½ï¿½ï¿½ï¿½ï¿½ï¿½ï¿½ï¿½, ï¿½ï¿½ï¿½ï¿½ï¿½ï¿½, ï¿½ï¿½ï¿½ï¿½ï¿½ï¿½ï¿½ï¿½ï¿½ï¿½ï¿½ï¿½ï¿½ï¿½, bookmarks, ï¿½ï¿½ï¿½ï¿½ï¿½ï¿½ï¿½ï¿½ï¿½ï¿½ï¿½ï¿½ï¿½ï¿½ï¿½ï¿½, realmadrid, billions, n'ï¿½ï¿½tait, isn't, soutiens, real, real, misinformation, this, reposts, qui, n, weapons, plus, priï¿½ï¿½res, directo, another, views, ï¿½ï¿½ï¿½ï¿½ï¿½ï¿½ï¿½ï¿½, ï¿½ï¿½ï¿½ï¿½ï¿½ï¿½ï¿½ï¿½ï¿½ï¿½ï¿½ï¿½, conflict, uses, y, mastr, ï¿½ï¿½ï¿½ï¿½ï¿½ï¿½ï¿½ï¿½ï¿½ï¿½ï¿½ï¿½, ï¿½ï¿½ï¿½ï¿½, oct, une, choquï¿½ï¿½, u, ï¿½ï¿½ï¿½ï¿½ï¿½ï¿½ï¿½ï¿½ï¿½ï¿½ï¿½ï¿½, violence,, jamais, soit, condamne, cf, ï¿½ï¿½ï¿½ï¿½ï¿½ï¿½ï¿½ï¿½ï¿½ï¿½ï¿½ï¿½ï¿½ï¿½, quotes, a, water,, a, ï¿½ï¿½ï¿½ï¿½ï¿½ï¿½ï¿½ï¿½, la, ï¿½ï¿½ï¿½ï¿½ï¿½ï¿½ï¿½ï¿½, ï¿½ï¿½, vue, ï¿½ï¿½ï¿½ï¿½ï¿½ï¿½ï¿½ï¿½ï¿½ï¿½ï¿½ï¿½ï¿½ï¿½, 179.7k, has, ï¿½ï¿½ï¿½ï¿½ï¿½ï¿½ï¿½ï¿½ï¿½ï¿½aucefatal, palestine, ï¿½ï¿½ï¿½ï¿½ï¿½ï¿½ï¿½ï¿½ï¿½ï¿½ï¿½ï¿½, on, ni, l, pour, rtarabicnewsroom, arabic.rt.com, ï¿½ï¿½ï¿½ï¿½ï¿½ï¿½, sans, champio, j'ai, ï¿½ï¿½ï¿½ï¿½ï¿½ï¿½, ï¿½ï¿½ï¿½ï¿½ï¿½ï¿½ï¿½ï¿½ï¿½ï¿½ï¿½ï¿½ï¿½ï¿½ï¿½ï¿½, ï¿½ï¿½ï¿½ï¿½ï¿½ï¿½ï¿½ï¿½, gaza, arabic.ra.com, iko, aucune, genocide, post, food, then, injustes, likes, ï¿½ï¿½ï¿½ï¿½ï¿½ï¿½ï¿½ï¿½ï¿½ï¿½ï¿½ï¿½ï¿½ï¿½, ï¿½ï¿½ï¿½ï¿½ï¿½ï¿½ï¿½ï¿½ï¿½ï¿½ï¿½ï¿½, fermement, formes, benzema, 5,852, not, with, un, ï¿½ï¿½ï¿½ï¿½ï¿½ï¿½ï¿½ï¿½ï¿½ï¿½ï¿½ï¿½ï¿½ï¿½ï¿½ï¿½, 20, resimadrid, soutiendrai, ï¿½ï¿½ï¿½ï¿½ï¿½ï¿½ï¿½ï¿½, les, content, ï¿½ï¿½ï¿½ï¿½ï¿½ï¿½ï¿½ï¿½ï¿½ï¿½ï¿½ï¿½ï¿½ï¿½ï¿½ï¿½, funded, c, media, n'ï¿½ï¿½pargnent, ï¿½ï¿½ï¿½ï¿½ï¿½ï¿½ï¿½ï¿½, airlines, 6:55, ï¿½ï¿½ï¿½ï¿½ï¿½ï¿½ï¿½ï¿½ï¿½ï¿½, message, ï¿½ï¿½ï¿½ï¿½ï¿½ï¿½ï¿½ï¿½ï¿½ï¿½ï¿½ï¿½, h, ï¿½ï¿½ï¿½ï¿½ï¿½ï¿½ï¿½ï¿½ï¿½ï¿½ï¿½ï¿½ï¿½ï¿½ï¿½ï¿½, rt, ..., ï¿½ï¿½ï¿½ï¿½ï¿½ï¿½ï¿½ï¿½ï¿½ï¿½ï¿½ï¿½ï¿½ï¿½, toutes, 12:26, when, ï¿½ï¿½ï¿½ï¿½ï¿½ï¿½ï¿½ï¿½ï¿½ï¿½, ï¿",Gaza,ztg_becauseswar1-3845,https://orionprodrawdata.blob.core.windows.net/soi-from-s3/2023/10/22/e1c777f0-707e-11ee-94e1-a35540a26498/intel360_hash_.mp4
